country_code,state_code,city,Latitude,Longitude
USA,NY,New York,40.7127753,-74.0059728
USA,IL,Champaign,40.1164204,-88.2433829
USA,CA,Los Angeles,34.0522342,-118.2436849
USA,NJ,Iselin,40.5753817,-74.3223703
USA,MD,Woodbine,39.3738173,-77.0569038
USA,OR,Lake Oswego,45.415734,-122.7163273
USA,CA,San Francisco,37.7749295,-122.4194155
USA,WA,Bellevue,47.6101497,-122.2015159
USA,WI,Madison,43.0730517,-89.4012302
USA,OH,Cleveland,41.49932,-81.6943605
USA,CA,Oakland,37.8043514,-122.2711639
USA,MA,Lexington,42.4473497,-71.2271531
USA,IL,Chicago,41.8781136,-87.6297982
USA,RI,Providence,41.8239891,-71.4128343
USA,CA,West Hollywood,34.0900091,-118.3617443
USA,MA,Bedford,42.4906231,-71.2760089
USA,CA,Santa Monica,34.0194543,-118.4911912
USA,FL,Lake Mary,28.7588833,-81.3178446
USA,WA,Kirkland,47.6768927,-122.2059833
USA,CA,Santa Ana,33.7454725,-117.867653
USA,PA,Philadelphia,39.9525839,-75.1652215
USA,WA,Seattle,47.6062095,-122.3320708
USA,NH,Hampton Falls,42.9162234,-70.863811
USA,TX,Houston,29.7604267,-95.3698028
USA,NY,Saratoga Springs,43.0831301,-73.7845651
USA,CA,San Jose,37.3382082,-121.8863286
USA,MD,Rockville,39.0839973,-77.1527578
USA,NY,Clarence,42.982216,-78.5770812
USA,CA,Mountain View,37.3860517,-122.0838511
CAN,ON,Toronto,43.653226,-79.3831843
USA,FL,Rockledge,28.3164498,-80.72698539999999
USA,IL,Willowbrook,41.7697533,-87.9358931
USA,MD,Cambridge,38.5631744,-76.0788292
USA,NY,Rochester,43.15657789999999,-77.6088465
USA,IN,Indianapolis,39.768403,-86.158068
USA,CA,Stanford,37.42410599999999,-122.1660756
USA,CO,Boulder,40.0149856,-105.2705456
USA,CA,Palo Alto,37.4418834,-122.1430195
USA,CA,Woodland Hills,34.165357,-118.6089752
USA,CA,San Pablo,37.9621457,-122.3455263
USA,TX,Plano,33.0198431,-96.6988856
USA,IA,Cedar Rapids,41.9778795,-91.6656232
USA,VT,Williston,44.4454432,-73.099194
USA,CA,Elk Grove,38.4087993,-121.3716178
USA,MD,Hanover,39.19550419999999,-76.7228227
CAN,BC,Vancouver,49.2827291,-123.1207375
USA,CA,Menlo Park,37.4529598,-122.1817252
USA,NJ,Clifton,40.8584328,-74.16375529999999
USA,CO,Denver,39.7392358,-104.990251
USA,PA,Pittsburgh,40.44062479999999,-79.9958864
USA,GA,Atlanta,33.7489954,-84.3879824
CAN,ON,Whitby,43.8975446,-78.94293290000002
CAN,ON,Ottawa,45.4215296,-75.69719309999999
USA,CA,Emeryville,37.8395028,-122.2892278
USA,MI,Troy,42.6064095,-83.1497751
USA,CA,Sunnyvale,37.36883,-122.0363496
USA,MA,Quincy,42.2528772,-71.0022705
USA,MA,West Roxbury,42.2797554,-71.1626756
USA,MI,Ann Arbor,42.2808256,-83.7430378
USA,FL,Longwood,28.7030519,-81.3384011
USA,OH,Cincinnati,39.1031182,-84.5120196
USA,CA,San Diego,32.715738,-117.1610838
USA,MN,Minneapolis,44.977753,-93.2650108
USA,SC,Rock Hill,34.9248667,-81.02507840000001
USA,CA,Redwood City,37.4847955,-122.228141
USA,FL,Lauderhill,26.1403635,-80.2133808
USA,CT,New Haven,41.308274,-72.9278835
USA,AR,Fayetteville,36.082156,-94.17185420000001
USA,CA,Santa Clara,37.3541079,-121.9552356
USA,VA,Fairfax,38.84622359999999,-77.30637329999999
USA,MA,Cambridge,42.3736158,-71.10973349999999
USA,TX,Austin,30.267153,-97.7430608
USA,OH,Columbus,39.9611755,-82.99879419999999
USA,WA,Stevenson,45.6956723,-121.8845241
USA,MD,Baltimore,39.2903848,-76.6121893
USA,MA,Watertown,42.3709299,-71.1828321
USA,GA,Douglasville,33.7514966,-84.7477136
USA,SC,Conway,33.8360034,-79.0478143
USA,VA,Herndon,38.9695545,-77.3860976
USA,CA,San Mateo,37.5629917,-122.3255254
USA,NC,Morrisville,35.823483,-78.8255621
USA,RI,Johnston,41.8205199,-71.51261699999999
USA,CA,Roseville,38.7521235,-121.2880059
USA,NC,Raleigh,35.7795897,-78.6381787
USA,MD,Arnold,39.0320554,-76.50273949999999
USA,VA,Virginia Beach,36.8529263,-75.97798499999999
USA,SC,Easley,34.829838,-82.6015206
USA,FL,Fort Lauderdale,26.1224386,-80.13731740000001
USA,TX,Pearland,29.5635666,-95.2860474
USA,MA,Beverly,42.5584283,-70.880049
USA,OH,Akron,41.0814447,-81.51900529999999
USA,WI,Milwaukee,43.0389025,-87.9064736
USA,MD,Southern Md Facility,38.509415,-76.819243
USA,MA,Boston,42.3600825,-71.0588801
USA,VA,Sterling,39.0066993,-77.4291298
USA,WA,Redmond,47.6739881,-122.121512
USA,NM,Albuquerque,35.0843859,-106.650422
USA,CA,San Ramon,37.7643595,-121.9539616
USA,CO,Lakewood,39.7047095,-105.0813734
USA,NJ,Berlin,39.7912261,-74.9290536
USA,MA,Westborough,42.2695216,-71.61612939999999
USA,NC,Wilmington,34.2103894,-77.8868117
USA,FL,Hollywood,26.0112014,-80.1494901
USA,IL,Aurora,41.7605849,-88.32007150000001
USA,IL,Naperville,41.7508391,-88.1535352
USA,WA,Vancouver,45.6257379,-122.6760886
USA,FL,Miami,25.7616798,-80.1917902
USA,MI,Bloomfield Hills,42.583645,-83.24548829999999
USA,IL,Des Plaines,42.0333623,-87.88339909999999
CAN,ON,Mississauga,43.5890452,-79.6441198
USA,TX,Richardson,32.9483335,-96.7298519
USA,CA,Los Altos,37.3852183,-122.1141298
USA,NJ,Princeton,40.3572976,-74.6672226
USA,AZ,Tempe,33.4255104,-111.9400054
USA,IL,Evanston,42.0450722,-87.68769689999999
USA,MI,Kalamazoo,42.2917069,-85.5872286
USA,CO,Wheat Ridge,39.766098,-105.0772063
USA,TX,Italy,32.1840381,-96.8847194
USA,CO,Loveland,40.3977612,-105.0749801
USA,PA,Paoli,40.0419021,-75.4876445
USA,OR,Portland,45.5051064,-122.6750261
USA,KS,Overland Park,38.9822282,-94.6707917
USA,MN,Minnetonka,44.9211836,-93.4687489
USA,CO,Littleton,39.613321,-105.0166498
USA,OH,Wooster,40.8050565,-81.935143
USA,TN,Knoxville,35.9606384,-83.9207392
USA,TN,Nashville,36.1626638,-86.7816016
USA,MA,Maynard,42.4334903,-71.4495058
USA,AZ,Scottsdale,33.4941704,-111.9260519
USA,CA,Newport Beach,33.6188829,-117.9298493
CAN,QC,Montréal,45.5016889,-73.567256
USA,MA,Pembroke,42.0714925,-70.80919999999999
USA,UT,Provo,40.2338438,-111.6585337
USA,AZ,Tucson,32.2226066,-110.9747108
USA,CA,Scotts Valley,37.0510595,-122.0146841
USA,OK,Tulsa,36.1539816,-95.99277500000001
USA,WA,Bellingham,48.7519112,-122.4786854
USA,KY,Louisville,38.2526647,-85.7584557
USA,CO,Colorado Springs,38.8338816,-104.8213634
USA,FL,Tampa,27.950575,-82.4571776
USA,CA,Irvine,33.6845673,-117.8265049
USA,OH,Dublin,40.0992294,-83.1140771
USA,CO,Broomfield,39.9205411,-105.0866504
USA,IL,Itasca,41.9750287,-88.0072909
USA,CA,Truckee,39.327962,-120.1832533
USA,IL,Saybrook,40.4267005,-88.5261711
USA,MA,Marlborough,42.3459271,-71.5522874
USA,WA,Shoreline,47.7559659,-122.3456972
USA,UT,Lindon,40.3432857,-111.7207608
USA,TX,San Antonio,29.4241219,-98.49362819999999
USA,PA,Wexford,40.6266318,-80.05497679999999
USA,IL,Lake Zurich,42.19696889999999,-88.0934108
USA,PA,Plymouth Meeting,40.1023319,-75.2743467
USA,CA,Larkspur,37.9340915,-122.5352539
USA,FL,Boca Raton,26.3683064,-80.1289321
USA,KS,Olathe,38.8813958,-94.81912849999999
USA,NY,Buffalo,42.88644679999999,-78.8783689
USA,AR,Little Rock,34.7464809,-92.28959479999999
USA,CO,Westminster,39.8366528,-105.0372046
USA,MA,Concord,42.4603719,-71.3489484
USA,NY,Huntington Station,40.8534318,-73.4115091
USA,CA,El Segundo,33.9191799,-118.4164652
USA,MD,Gaithersburg,39.1439689,-77.2016062
USA,MD,Columbia,39.2037144,-76.86104619999999
USA,MO,St Louis,38.6270025,-90.19940419999999
USA,VA,Dulles,38.9624899,-77.4380485
USA,CA,South San Francisco,37.654656,-122.4077498
USA,PA,Conshohocken,40.0792766,-75.3015714
USA,NJ,Lakewood,40.08212899999999,-74.2097014
USA,CA,Los Gatos,37.2358078,-121.9623751
USA,NV,Las Vegas,36.1699412,-115.1398296
USA,MA,Burlington,42.5047161,-71.1956205
CAN,QC,Brossard,45.4514357,-73.4619103
USA,MI,Grand Rapids,42.9633599,-85.6680863
USA,NJ,Marlton,39.8912248,-74.9218324
USA,OR,Beaverton,45.4888761,-122.8013771
USA,CA,Fremont,37.5485396,-121.988583
USA,CA,Belmont,37.5202145,-122.2758008
USA,MN,Plymouth,45.0105194,-93.4555093
USA,MA,Waltham,42.3764852,-71.2356113
USA,NJ,North Brunswick,40.4525163,-74.4766712
USA,CA,Ceres,37.5947202,-120.9568815
CAN,AB,Fort Mcmurray,56.7266598,-111.3790441
USA,GA,Roswell,34.0232431,-84.3615555
USA,MA,Newton,42.3370413,-71.20922139999999
USA,MN,Bloomington,44.840798,-93.2982799
USA,FL,Clearwater,27.9658533,-82.8001026
USA,TN,Memphis,35.1495343,-90.0489801
USA,NY,Pearl River,41.0589855,-74.0218063
USA,CA,Santa Barbara,34.4208305,-119.6981901
USA,TX,Dallas,32.7766642,-96.79698789999999
USA,CA,Torrance,33.8358492,-118.3406288
USA,OR,Mcminnville,45.21011619999999,-123.1987163
USA,TX,Allen,33.1031744,-96.67055030000002
USA,CA,Altadena,34.190162,-118.1313188
USA,CT,East Hartford,41.7634219,-72.6128339
USA,PA,Bellefonte,40.91339430000001,-77.7783348
USA,CA,Carlsbad,33.1580933,-117.3505939
USA,CA,Beverly Hills,34.0736204,-118.4003563
USA,CA,Livermore,37.6818688,-121.7684732
USA,MA,Westwood,42.21398730000001,-71.2244987
USA,CA,Foster City,37.5585465,-122.2710788
USA,CO,Lafayette,39.9935959,-105.0897058
USA,CA,Laguna Hills,33.5916433,-117.6986604
USA,HI,Honolulu,21.3069444,-157.8583333
USA,FL,Palm Harbor,28.0780718,-82.7637127
USA,CA,Pasadena,34.1477849,-118.1445155
USA,KY,Crestwood,38.3242355,-85.4724593
USA,NC,Charlotte,35.2270869,-80.8431267
USA,IL,Lincolnwood,42.0044757,-87.73005940000002
USA,VA,Chantilly,38.8942786,-77.43109919999999
USA,NJ,Woodcliff Lake,41.0234304,-74.06652969999999
USA,VA,Vienna,38.9012225,-77.2652604
USA,IL,Palatine,42.1103041,-88.03424000000001
USA,TX,Irving,32.8140177,-96.9488945
USA,CA,Carpinteria,34.39888380000001,-119.5184564
USA,NH,Concord,43.2081366,-71.5375718
USA,NY,Ithaca,42.4439614,-76.5018807
USA,IL,Rolling Meadows,42.0841936,-88.0131275
USA,CA,Campbell,37.2871651,-121.9499568
USA,CA,Glendale,34.1425078,-118.255075
USA,MO,Columbia,38.9517053,-92.3340724
USA,GA,Peachtree City,33.3968557,-84.59634319999999
USA,PA,Reading,40.3356483,-75.9268747
USA,VA,Charlottesville,38.0293059,-78.47667810000002
USA,CA,San Bruno,37.6304904,-122.4110835
USA,CA,Yorba Linda,33.88850350000001,-117.8132571
USA,NH,Lebanon,43.6422934,-72.2517569
USA,MO,Kansas City,39.0997265,-94.5785667
USA,CT,West Hartford,41.7620842,-72.7420151
CAN,QC,Lévis,46.7382265,-71.2464591
USA,AL,Montgomery,32.3792233,-86.3077368
USA,WA,Issaquah,47.5301011,-122.0326191
USA,FL,Miami Beach,25.790654,-80.1300455
USA,CA,Davis,38.5449065,-121.7405167
USA,CA,Cupertino,37.3229978,-122.0321823
USA,NJ,Newtonville,39.5639836,-74.8594853
USA,VA,Reston,38.9586307,-77.35700279999999
USA,CA,Lucerne Valley,34.4437599,-116.9676823
USA,NY,Great Neck,40.8006567,-73.7284647
USA,NH,Derry,42.8806437,-71.3273346
USA,GA,Lilburn,33.8901036,-84.14297189999999
USA,CA,Berkeley,37.8715226,-122.273042
USA,NC,Durham,35.9940329,-78.898619
USA,CO,Greeley,40.4233142,-104.7091322
USA,CT,Westport,41.1414717,-73.3579049
USA,IN,West Lafayette,40.4258686,-86.90806549999999
USA,TN,Chattanooga,35.0456297,-85.3096801
USA,CA,Hayward,37.6687665,-122.0809964
USA,MN,Rockville,45.4752778,-94.3347222
USA,MN,Eagan,44.8041322,-93.1668858
USA,IL,Romeoville,41.6475306,-88.0895061
USA,MA,Wilmington,42.5481714,-71.1724467
USA,AZ,Chandler,33.3061605,-111.8412502
USA,WA,Richland,46.28042000000001,-119.2751996
USA,OR,Hillsboro,45.5272177,-122.9360906
USA,CT,Stamford,41.0534302,-73.5387341
USA,WA,Kennewick,46.2086683,-119.119948
USA,PA,Wayne,40.0415996,-75.3698895
CAN,AB,Sherwood Park,53.5411916,-113.2957355
USA,CA,Milpitas,37.4323341,-121.8995741
USA,MA,Hingham,42.2418172,-70.889759
USA,VA,Alexandria,38.8048355,-77.0469214
USA,NJ,Lawrenceville,40.3016375,-74.7361013
USA,TX,Stafford,29.6160671,-95.55772209999999
USA,NH,Rochester,43.304526,-70.97561859999999
USA,LA,Baton Rouge,30.4514677,-91.18714659999999
USA,PA,Hazleton,40.9584181,-75.97464719999999
USA,MA,Woburn,42.4792618,-71.1522765
USA,CA,Moorpark,34.285558,-118.8820414
USA,MD,Edgewater,38.94056399999999,-76.5629398
USA,CA,Santa Rosa,38.440429,-122.7140548
USA,CA,Sausalito,37.8590937,-122.4852507
CAN,BC,Victoria,48.4284207,-123.3656444
USA,IL,Oak Brook,41.8397865,-87.95355339999999
USA,NY,Brooklyn,40.6781784,-73.9441579
USA,NJ,Edgewater,40.8270448,-73.97569399999999
USA,NJ,Bridgewater,40.5939636,-74.6049061
USA,CO,Englewood,39.6477653,-104.9877597
CAN,BC,Burnaby,49.2488091,-122.9805104
USA,CA,Mission Viejo,33.5968913,-117.6581562
USA,NJ,Bedminster,40.669264,-74.68039999999999
USA,NH,Amherst,42.8614748,-71.6253487
CAN,ON,Waterloo,43.4642578,-80.5204096
USA,NJ,South Plainfield,40.5792701,-74.4115401
USA,CA,Venice,33.9850469,-118.4694832
CAN,QC,Gatineau,45.4765446,-75.7012723
USA,MA,Acton,42.4850931,-71.43284
USA,CT,East Granby,41.9412081,-72.7273158
CAN,AB,Edmonton,53.5461245,-113.4938229
USA,AZ,Phoenix,33.4483771,-112.0740373
USA,NY,Queens,40.7282239,-73.7948516
USA,PA,York Haven,40.1109277,-76.7158012
USA,IN,Carmel,39.978371,-86.1180435
CAN,ON,Vaughan,43.8563158,-79.5085383
USA,CA,Rolling Hills Estates,33.7877943,-118.3581284
USA,GA,Alpharetta,34.0753762,-84.2940899
USA,CA,Costa Mesa,33.6638439,-117.9047429
USA,OH,Canton,40.79894729999999,-81.378447
USA,NJ,Mount Laurel,39.934002,-74.89099879999999
USA,TN,Franklin,35.9250637,-86.8688899
USA,CO,Longmont,40.1672068,-105.1019275
USA,OH,Middletown,39.5150576,-84.39827629999999
USA,CA,Pleasanton,37.6604484,-121.8757968
USA,KS,Mission,39.0277832,-94.6557914
USA,DE,Wilmington,39.744655,-75.5483909
CAN,ON,Moncton,46.0878165,-64.7782313
USA,IA,Fairfield,41.00761139999999,-91.9636914
USA,CA,La Jolla,32.8328112,-117.2712717
USA,CA,Walnut Creek,37.9100783,-122.0651819
USA,AR,Springdale,36.18674420000001,-94.1288141
CAN,BC,North Vancouver,49.3199816,-123.0724139
USA,DC,Washington,38.9071923,-77.0368707
USA,ME,Limington,43.7317442,-70.71089239999999
USA,ME,Portland,43.6590993,-70.2568189
USA,MA,Hardwick,42.3490548,-72.1986558
USA,TN,Goodlettsville,36.3231066,-86.7133302
USA,CO,Greenwood Village,39.6172101,-104.9508141
USA,CA,Martinez,38.0193657,-122.1341321
USA,CO,Durango,37.27528,-107.8800667
USA,PA,Feasterville Trevose,40.1466378,-74.9952259
USA,CA,Culver City,34.0211224,-118.3964665
USA,FL,Melbourne Beach,28.0683496,-80.56033029999999
USA,CA,Moffett Field,37.4094963,-122.0510589
USA,VA,Arlington,38.8816208,-77.09098089999999
USA,CT,Norwalk,41.11774399999999,-73.4081575
USA,HI,Kapaa,22.0881391,-159.3379818
USA,MA,Littleton,42.5372893,-71.5128022
USA,CA,Folsom,38.6779591,-121.1760583
USA,CO,Aurora,39.7294319,-104.8319195
USA,FL,St. Pete Beach,27.7428134,-82.7504542
USA,SD,Rapid City,44.0805434,-103.2310149
USA,MA,Ayer,42.5611947,-71.58990539999999
USA,WA,Bothell,47.76011099999999,-122.2054452
USA,NY,Lisle,42.3511845,-76.00325710000001
USA,TN,Oak Ridge,36.0103561,-84.26964490000002
USA,MD,Bethesda,38.984652,-77.0947092
USA,MA,Lowell,42.6334247,-71.31617179999999
USA,RI,Cranston,41.7798226,-71.4372796
USA,CA,Rancho Cucamonga,34.10639889999999,-117.5931084
USA,TX,Addison,32.96179,-96.82916850000001
USA,CO,Pagosa Springs,37.26945,-107.0097617
USA,CA,Encinitas,33.0369867,-117.2919818
USA,FL,Bonita Springs,26.339806,-81.7786972
USA,MT,Corvallis,46.3140884,-114.1128734
USA,WI,Middleton,43.09721740000001,-89.5042876
USA,CA,Morgan Hill,37.1305012,-121.6543901
USA,CA,Richmond,37.9357576,-122.3477486
USA,CA,El Cajon,32.7947731,-116.9625269
USA,NJ,Howell,40.1645785,-74.2082671
USA,CA,Santa Cruz,36.9741171,-122.0307963
USA,CA,La,34.0522342,-118.2436849
USA,UT,South Jordan,40.5621704,-111.929658
USA,MI,Jackson,42.245869,-84.40134619999999
USA,MN,Saint Paul,44.9537029,-93.0899578
USA,VA,Danville,36.5859718,-79.39502279999999
USA,MN,Burnsville,44.7677424,-93.27772259999999
USA,PA,York,39.9625984,-76.727745
USA,UT,Salt Lake City,40.7607793,-111.8910474
USA,VA,Roanoke,37.2709704,-79.9414266
USA,IN,Fort Wayne,41.079273,-85.1393513
USA,UT,Tremonton,41.71187279999999,-112.1655079
USA,NE,Imperial,40.5169402,-101.6432253
USA,IL,Carthage,40.416433,-91.1362537
USA,MA,Wellesley,42.296797,-71.29238769999999
USA,NY,East Rochester,43.10867409999999,-77.4874959
USA,CO,Centennial,39.5807452,-104.8771726
USA,CA,Chino,34.0122346,-117.688944
USA,CA,Huntington Beach,33.6594835,-117.9988026
USA,NY,Uniondale,40.7003793,-73.5929056
USA,CA,Corte Madera,37.9254806,-122.5274755
USA,PA,Exton,40.0325817,-75.6274583
USA,OK,Oklahoma City,35.4675602,-97.5164276
USA,MA,Tewksbury,42.6106478,-71.23422479999999
USA,FL,Miramar Beach,30.374367,-86.3585578
USA,OR,Redmond,47.6739881,-122.121512
USA,CA,San Carlos,37.5071591,-122.2605222
CAN,QC,Pointe-claire,45.4719655,-73.7990191
USA,MI,Royal Oak,42.4894801,-83.1446485
USA,NH,Salem,42.78855530000001,-71.2008912
USA,MN,Rochester,44.0121221,-92.4801989
USA,CA,Poway,32.9628232,-117.0358646
USA,MN,Eden Prairie,44.8546856,-93.47078599999999
USA,GA,Marietta,33.95260200000001,-84.5499327
USA,CA,Orange,33.7879139,-117.8531007
USA,CA,Fresno,36.7377981,-119.7871247
USA,MD,Chevy Chase,38.9692771,-77.07886669999999
USA,NY,Jericho,40.79204410000001,-73.5398476
USA,TN,Brentwood,36.0331164,-86.78277720000001
USA,TX,Richmond,29.5821811,-95.76078319999999
USA,FL,Belleair Beach,27.9230767,-82.84315939999999
USA,MA,Billerica,42.5584218,-71.2689461
USA,FL,Vero Beach,27.6386434,-80.39727359999999
USA,CT,Fairfield,41.1408363,-73.2612615
USA,FL,Palm Beach Gardens,26.8396096,-80.1019144
USA,NY,Port Washington,40.8256561,-73.69818579999999
USA,NV,Boulder City,35.9782216,-114.8345117
USA,PA,East Stroudsburg,41.0030522,-75.1817547
USA,CA,Thousand Oaks,34.1705609,-118.8375937
USA,NJ,Cranbury,40.3025907,-74.511172
USA,NY,Long Island City,40.744679,-73.9485424
USA,WA,Kenmore,47.7583576,-122.2496863
USA,CA,Covina,34.0900091,-117.8903397
USA,CT,Waterbury,41.5581525,-73.0514965
USA,FL,Melbourne,28.0836269,-80.60810889999999
USA,MA,Lawrence,42.7070354,-71.1631137
USA,CO,Golden,39.755543,-105.2210997
USA,PA,Newtown Square,39.9868904,-75.4007058
USA,MA,Devens,42.5455027,-71.6139348
CAN,NS,Halifax,44.64876350000001,-63.5752387
USA,CT,Branford,41.2799027,-72.81411849999999
USA,NY,Kingston,41.9270367,-73.9973608
USA,MA,Medford,42.4184296,-71.1061639
USA,FL,Weston,26.1003654,-80.3997748
USA,IL,Rockford,42.2711311,-89.0939952
USA,TX,Little Elm,33.1626193,-96.9375051
USA,CA,Tustin,33.7420005,-117.8236391
USA,MO,Independence,39.0911161,-94.41550679999999
USA,OR,Eugene,44.0520691,-123.0867536
USA,NJ,Shrewsbury,40.3295547,-74.0615285
USA,FL,Pensacola,30.42130899999999,-87.2169149
USA,MO,O Fallon,38.8106075,-90.69984769999999
USA,IL,Homewood,41.5676825,-87.6541852
USA,FL,Tallahassee,30.4382559,-84.28073289999999
USA,CA,Malibu,34.0259216,-118.7797571
USA,FL,Cape Coral,26.5628537,-81.9495331
USA,TX,Stamford,32.9453874,-99.8028709
CAN,ON,Markham,43.8561002,-79.3370188
USA,MO,Saint Louis,38.6270025,-90.19940419999999
USA,NV,Henderson,36.0395247,-114.9817213
USA,NH,Bedford,42.9463291,-71.51320079999999
USA,PA,Indiana,40.6214551,-79.15253489999999
USA,GA,Dunwoody,33.9462125,-84.3346473
USA,PA,Malvern,40.0362184,-75.5138118
USA,NE,Hastings,40.5862583,-98.38987259999999
CAN,NL,Saint John's,47.5615096,-52.7125768
USA,CA,Petaluma,38.232417,-122.6366524
USA,FL,Orlando,28.5383355,-81.3792365
USA,NJ,Jersey City,40.7177545,-74.0431435
USA,CA,Brea,33.916475,-117.9002918
USA,CA,Burlingame,37.5778696,-122.34809
USA,CA,Vista,33.2000368,-117.2425355
USA,VA,Ashburn,39.0437567,-77.4874416
USA,CT,Greenwich,41.0262417,-73.6281964
USA,IA,Des Moines,41.5868353,-93.6249593
USA,PA,Scranton,41.408969,-75.66241219999999
USA,CA,Goleta,34.4358294,-119.8276389
USA,MA,Framingham,42.279286,-71.4161565
USA,CA,Santa Fe Springs,33.9472359,-118.0853451
USA,FL,Alachua,29.7938144,-82.49442260000001
USA,TX,Sugar Land,29.5984434,-95.6225521
USA,MA,Dedham,42.2436085,-71.1676536
USA,NH,Manchester,42.9956397,-71.4547891
USA,PA,Lancaster,40.0378755,-76.3055144
USA,VA,South Boston,36.6987493,-78.9013987
USA,CA,Northridge,34.2381251,-118.530123
USA,NY,Troy,42.7284117,-73.69178509999999
USA,NJ,Red Bank,40.3470543,-74.0643065
USA,CA,Freedom,36.938468,-121.8021647
USA,OK,Jenks,36.0228734,-95.9683278
USA,AR,England,34.5442609,-91.9690284
USA,FL,Aventura,25.9564812,-80.1392121
USA,CA,Walnut,34.0202894,-117.8653386
USA,MA,Andover,42.6583356,-71.1367953
USA,FL,Jacksonville,30.3321838,-81.65565099999999
USA,PA,Langhorne,40.1745538,-74.92266649999999
USA,VT,Burlington,44.4758825,-73.21207199999999
USA,OH,Brunswick,41.2381096,-81.8418006
USA,VA,Falls Church,38.88233400000001,-77.1710914
USA,FL,North Miami Beach,25.9331488,-80.1625463
USA,TX,The Woodlands,30.1658207,-95.46126249999999
USA,CA,Aptos,36.97717290000001,-121.8994016
USA,CA,Potter Valley,39.3221089,-123.113059
USA,OH,Toledo,41.6528052,-83.5378674
USA,FL,Coral Springs,26.271192,-80.2706044
USA,KS,Kansas City,39.11553139999999,-94.62678729999999
USA,CT,Groton,41.3497456,-72.0790717
USA,MA,Natick,42.2775281,-71.3468091
USA,NJ,Fairfield,40.8837406,-74.3059959
USA,LA,Bossier City,32.5159852,-93.7321228
CAN,ON,Kitchener,43.4516395,-80.4925337
USA,OK,Ardmore,34.1742611,-97.14362539999999
USA,MI,Detroit,42.331427,-83.0457538
USA,NY,Queensbury,43.353627,-73.6771662
USA,NJ,East Brunswick,40.4316955,-74.4049778
USA,KS,Wa Keeney,39.02500819999999,-99.87956559999999
USA,MA,North Billerica,42.5831997,-71.28486629999999
USA,CA,Foothill Ranch,33.6831832,-117.6664308
USA,CA,Aliso Viejo,33.5684605,-117.7262981
USA,AR,Rogers,36.3320196,-94.1185366
USA,NY,Tarrytown,41.0762077,-73.85874609999999
USA,MO,Springfield,37.2089572,-93.29229889999999
USA,NY,West Babylon,40.718155,-73.354287
USA,MA,Sudbury,42.3834278,-71.4161725
USA,OH,North Hampton,39.9900594,-83.93993329999999
USA,NY,Mount Kisco,41.2042616,-73.72707609999999
USA,MD,Temple Hills,38.8140024,-76.9455296
USA,AR,Hot Springs National Park,34.5216915,-93.0423545
USA,AR,Marion,35.2145336,-90.1964835
CAN,MB,Winnipeg,49.895136,-97.13837439999999
USA,OH,Pomeroy,39.02757810000001,-82.03375199999999
USA,AZ,Mesa,33.4151843,-111.8314724
USA,NE,Omaha,41.2565369,-95.9345034
USA,DE,Newark,39.6837226,-75.74965720000002
USA,PA,Thornton,39.91375,-75.4836528
USA,NY,Highland,41.7209267,-73.9601382
USA,NC,Chapel Hill,35.9131996,-79.0558445
USA,TX,Bryan,30.6743643,-96.3699632
USA,IA,Coralville,41.6822756,-91.5960643
USA,TN,Quebeck,35.8167333,-85.5669223
USA,MA,Northborough,42.3195556,-71.6411997
USA,CO,Carbondale,39.4022054,-107.2111628
USA,PA,King Of Prussia,40.1012856,-75.3835525
USA,MA,Needham,42.2809285,-71.23775479999999
USA,PA,Bristol,40.1006661,-74.8518311
USA,OK,Stillwater,36.1156071,-97.0583681
USA,OH,Twinsburg,41.3125552,-81.4401129
USA,NY,Rome,43.2128473,-75.4557303
USA,OH,Mason,39.3600586,-84.309939
USA,NY,Warwick,41.2638494,-74.3822058
USA,RI,Warwick,41.7001009,-71.4161671
USA,MD,Annapolis,38.9784453,-76.4921829
USA,CA,Orinda,37.8771476,-122.1796888
USA,AL,Birmingham,33.5185892,-86.8103567
USA,IL,Bolingbrook,41.69864159999999,-88.0683955
USA,CA,Del Mar,32.9594891,-117.2653146
USA,FL,Jupiter,26.9342246,-80.0942087
USA,NM,Santa Fe,35.6869752,-105.937799
USA,OH,West Chester,39.3321262,-84.41726659999999
USA,UT,Lehi,40.3916172,-111.8507662
USA,CA,Napa,38.2975381,-122.286865
USA,CA,Palm Springs,33.8302961,-116.5452921
USA,GA,Stockbridge,33.5442781,-84.23380929999999
USA,PA,Fort Washington,40.1416782,-75.19269369999999
USA,CA,Van Nuys,34.1898566,-118.451357
USA,CA,Sherman Oaks,34.1489719,-118.451357
USA,MS,Georgetown,31.8715484,-90.1645303
USA,MN,Beaver Creek,43.61413839999999,-96.3644807
USA,IN,South Bend,41.6763545,-86.25198979999999
USA,MN,Northfield,44.4582983,-93.161604
USA,WI,Sherwood,44.1735996,-88.2598276
USA,NY,Schenectady,42.8142432,-73.9395687
USA,NJ,Berkeley Heights,40.6808726,-74.4310524
USA,AK,Fairbanks,64.8377778,-147.7163888
USA,IL,Northbrook,42.1275267,-87.82895479999999
USA,TX,Abilene,32.4487364,-99.73314390000002
USA,FL,Delray Beach,26.4614625,-80.0728201
CAN,AB,Calgary,51.04473309999999,-114.0718831
USA,SC,Mount Pleasant,32.8323225,-79.82842579999999
USA,TX,Flower Mound,33.0145673,-97.0969552
USA,CA,Marina,36.68440289999999,-121.802173
USA,VA,Purcellville,39.1367717,-77.7147153
USA,TX,Hurst,32.8234621,-97.1705678
USA,NY,East Greenbush,42.6068049,-73.68893779999999
USA,NH,Nashua,42.7653662,-71.46756599999999
USA,CA,Ladera Ranch,33.550735,-117.6411717
USA,AL,Madison,34.6992579,-86.74833180000002
USA,WA,Bainbridge Island,47.62487910000001,-122.5210007
USA,MD,Germantown,39.1731621,-77.2716502
USA,MD,Damascus,39.2884381,-77.2038716
USA,CA,Redwood Shores,37.5364134,-122.2455364
USA,FL,Casselberry,28.677775,-81.3278455
USA,MI,Belmont,43.0747937,-85.6123238
USA,VA,Mclean,38.9338676,-77.1772604
USA,MA,Danvers,42.5750009,-70.93212199999999
USA,ND,Fargo,46.8771863,-96.7898034
USA,WI,Green Bay,44.5133188,-88.0132958
USA,MA,Chelmsford,42.5998139,-71.3672838
USA,UT,Draper,40.5246711,-111.8638226
USA,CT,Farmington,41.7360305,-72.79502699999999
USA,OH,Clyde,41.30422009999999,-82.975192
USA,AZ,Winkelman,32.9875659,-110.7709387
USA,KY,Lexington,38.0405837,-84.5037164
USA,MA,Foxboro,42.0653812,-71.2478251
USA,NJ,Egg Harbor Township,39.3822537,-74.6166192
USA,MA,Boxborough,42.4834197,-71.5167139
USA,VA,Harrisonburg,38.4495688,-78.8689155
USA,MA,Westford,42.5792583,-71.4378411
USA,PA,Bethlehem,40.6259316,-75.37045789999999
USA,MI,Grand Haven,43.0630734,-86.22838639999999
USA,PA,Jenkintown,40.0959438,-75.1251743
USA,FL,Gainesville,29.6516344,-82.32482619999999
USA,FL,Palm City,27.1678268,-80.2661591
USA,FL,St. Petersburg,27.7676008,-82.64029149999999
USA,PA,Wilkes Barre,41.2459149,-75.88130749999999
USA,CA,Temecula,33.4936391,-117.1483648
USA,MA,South Harwich,41.6773799,-70.0424986
USA,NJ,Fort Lee,40.8509333,-73.9701381
USA,FL,Lake City,30.1896756,-82.6392899
USA,ID,Boise,43.6150186,-116.2023137
USA,OH,Hilliard,40.0333961,-83.1582451
USA,MD,Owings Mills,39.4195499,-76.7802528
USA,NY,Glen Cove,40.8623217,-73.6337389
USA,IA,Cedar Falls,42.5348993,-92.4453161
USA,NJ,Trenton,40.2205824,-74.759717
USA,CT,Oxford,41.4338203,-73.1168393
USA,SC,Greenville,34.85261759999999,-82.3940104
USA,MD,Linthicum Heights,39.2051077,-76.6527456
USA,FL,Coral Gables,25.7491968,-80.2635411
USA,KS,Lenexa,38.9536174,-94.73357089999999
USA,CA,Portola Valley,37.3841066,-122.2352443
USA,IL,Morton Grove,42.0405852,-87.78256209999999
USA,WA,Fall City,47.5673237,-121.8887269
USA,MA,Tyngsboro,42.6766696,-71.4244224
USA,MT,Bozeman,45.6769979,-111.0429339
USA,CA,Atwater,37.3477174,-120.609084
USA,NE,Lincoln,40.813616,-96.7025955
USA,MA,Osterville,41.6285902,-70.3870055
CAN,ON,Kanata,45.3088185,-75.89868349999999
USA,SC,Charleston,32.7764749,-79.93105120000001
USA,CA,Playa Vista,33.9753949,-118.4192311
USA,CA,Redondo Beach,33.8491816,-118.3884078
USA,TX,Seminole,32.7189926,-102.6449101
USA,WA,Woodinville,47.7542651,-122.1634581
USA,AR,Bentonville,36.3728538,-94.2088172
USA,MI,Southfield,42.4733688,-83.2218731
USA,PA,Souderton,40.3117706,-75.32517589999999
USA,NY,Woodside,40.7532952,-73.9068973
USA,NJ,Hoboken,40.7439905,-74.0323626
USA,NY,Albany,42.6525793,-73.7562317
USA,CA,Manhattan Beach,33.8847361,-118.4109089
USA,VA,Richmond,37.5407246,-77.4360481
USA,ID,Mesa,44.628776,-116.4507006
USA,IN,Mishawaka,41.6619927,-86.15861559999999
USA,IA,Urbandale,41.6266555,-93.71216559999999
USA,AR,Nashville,33.9456692,-93.847129
USA,MA,Plymouth Meeting,41.8297634,-70.6199755
USA,FL,Kissimmee,28.2919557,-81.40757099999999
USA,LA,New Orleans,29.95106579999999,-90.0715323
USA,MO,Saint Charles,38.7881062,-90.4974359
USA,NV,Elko,40.8324211,-115.7631232
USA,GA,Suwanee,34.0514898,-84.0712997
USA,CA,South Pasadena,34.1161196,-118.1503488
USA,CA,Canyon Country,34.4235425,-118.4720633
USA,OR,Ashland,42.1945758,-122.7094767
USA,IL,Deerfield,42.1711365,-87.8445119
USA,OR,Corvallis,44.5645659,-123.2620435
USA,CA,Newark,37.5299765,-122.0383968
USA,MD,Lutherville Timonium,39.4354087,-76.6123884
USA,WI,Appleton,44.2619309,-88.41538469999999
USA,NJ,Monroe Township,40.336419,-74.43304739999999
USA,VT,Shelburne,44.3806065,-73.227626
USA,VA,Mc Lean,38.9338676,-77.1772604
USA,CA,City Of Industry,34.0197335,-117.9586754
USA,NJ,Morristown,40.79676670000001,-74.4815438
USA,PA,Ambler,40.1545535,-75.22156509999999
USA,TX,Amarillo,35.2219971,-101.8312969
USA,GA,Duluth,34.0028786,-84.1446376
USA,FL,Sunrise,26.1669711,-80.25659499999999
USA,OR,Tigard,45.4186785,-122.7872475
USA,NC,Pittsboro,35.7201463,-79.1772371
USA,IN,Brownsburg,39.8433769,-86.39777350000001
USA,NC,Cary,35.79154,-78.7811169
USA,CO,Fort Collins,40.5852602,-105.084423
USA,NC,Denver,35.5316576,-81.0295793
USA,NJ,Mount Arlington,40.92593189999999,-74.6348828
USA,MI,East Lansing,42.7369792,-84.48386540000001
USA,CT,Mansfield Center,41.7653764,-72.1981334
USA,MI,Plymouth,42.3714253,-83.4702132
CAN,QC,Laval,45.6066487,-73.712409
USA,NY,Chappaqua,41.1595399,-73.764855
USA,CA,Alameda,37.7798721,-122.2821855
USA,RI,Cumberland,41.9721816,-71.4061876
USA,CA,Pittsburg,38.0279762,-121.8846806
USA,CA,Brisbane,37.6807661,-122.3999715
USA,MA,Newbury,42.7649497,-70.8714528
USA,TX,Mckinney,33.1983388,-96.6389342
USA,PA,Carlisle,40.2010241,-77.20027449999999
USA,NJ,Tenafly,40.9253766,-73.9629154
USA,MA,Brookline,42.33176419999999,-71.1211635
USA,IL,Barrington,42.1539141,-88.1361888
USA,LA,Lafayette,30.2240897,-92.0198427
CAN,QC,Quebec,46.8138783,-71.2079809
USA,MT,Missoula,46.8721284,-113.9940314
USA,NJ,Edison,40.5187154,-74.4120953
USA,KY,Union,38.9458951,-84.68050099999999
USA,OH,Amsterdam,40.4736758,-80.92286709999999
USA,MN,Excelsior,44.9032963,-93.5663455
USA,RI,Newport,41.4901024,-71.3128285
USA,OH,Westlake,41.4553232,-81.9179173
USA,VA,Mechanicsville,37.6087561,-77.3733139
USA,ID,Hayden,47.76601609999999,-116.7865815
CAN,SK,Albertville,53.3945968,-105.543286
USA,IN,Fishers,39.9567548,-86.01335
USA,NJ,Somerset,40.497604,-74.48848679999999
USA,FL,Brandon,27.937801,-82.2859247
USA,MI,Cadillac,44.2519526,-85.40116189999999
USA,PA,Apollo,40.5814546,-79.5664333
USA,OH,Dover,40.5206198,-81.4740054
USA,CA,El Dorado Hills,38.6857367,-121.082167
USA,IL,New Lenox,41.5119761,-87.9656098
USA,NJ,Chatham,40.740934,-74.3837624
USA,WI,Whitewater,42.83362049999999,-88.7323272
CAN,BC,Nanaimo,49.1658836,-123.9400648
USA,FL,Port Saint Lucie,27.2730492,-80.3582261
USA,DE,Delaware City,39.5778901,-75.588815
USA,UT,Sandy,40.5649781,-111.8389726
USA,CA,Chico,39.7284944,-121.8374777
USA,PA,Berwyn,40.045824,-75.4395931
USA,CA,Belvedere Tiburon,37.8727044,-122.4644171
USA,UT,American Fork,40.3768954,-111.7957645
USA,NY,Seaford,40.6659344,-73.4881809
USA,TX,Spur,33.4764767,-100.8556857
USA,NH,Portsmouth,43.0717552,-70.7625532
USA,CO,Louisville,39.977763,-105.1319296
USA,CO,Arvada,39.8027644,-105.0874842
USA,AR,North Little Rock,34.769536,-92.2670941
USA,CA,San Gabriel,34.09611110000001,-118.1058333
USA,PA,Sewickley,40.5364846,-80.1844243
USA,AL,Huntsville,34.7303688,-86.5861037
USA,CT,Bridgeport,41.1792258,-73.1894384
USA,CA,Alamo,37.8502032,-122.032184
USA,OH,Dayton,39.7589478,-84.1916069
USA,FL,Sanibel,26.4489695,-82.0223137
USA,MA,Jamaica Plain,42.3097365,-71.1151431
USA,NY,Syracuse,43.0481221,-76.14742439999999
USA,CA,Burbank,34.1808392,-118.3089661
USA,GA,Norcross,33.9412127,-84.2135309
USA,FL,Boynton Beach,26.5317866,-80.0905465
USA,PA,Bernville,40.433426,-76.1121648
USA,IN,Rushville,39.6092137,-85.4463594
USA,MS,Clinton,32.3415342,-90.3217585
USA,IL,Libertyville,42.2830786,-87.9531303
USA,UT,Midvale,40.6110589,-111.8999353
USA,NY,Rye,40.9806535,-73.68373989999999
USA,NJ,Maplewood,40.7299793,-74.271992
USA,IL,Fox Lake,42.3966874,-88.1836965
USA,OH,Louisville,40.8372809,-81.25955189999999
USA,FL,Deerfield Beach,26.3184123,-80.09976569999999
USA,IA,Ely,41.8736182,-91.58517499999999
USA,CA,Buena Park,33.8674044,-117.9981387
USA,FL,Naples,26.1420358,-81.7948103
USA,NC,Asheville,35.5950581,-82.5514869
USA,MO,Saint Peters,38.7874699,-90.6298922
USA,NY,Westbury,40.7556561,-73.5876273
USA,CT,Old Saybrook,41.2960159,-72.38453009999999
USA,UT,Orem,40.2968979,-111.6946475
USA,PA,Downingtown,40.0064958,-75.7032742
USA,GA,Decatur,33.7748275,-84.2963123
USA,NC,Wake Forest,35.9798734,-78.50972279999999
USA,WA,Spokane,47.6587802,-117.4260465
USA,NY,Manhattan,40.7830603,-73.9712488
USA,CT,Guilford,41.288906,-72.674364
USA,MA,Worcester,42.2625932,-71.8022934
USA,CA,Marina Del Rey,33.9802893,-118.4517449
USA,CA,Union City,37.5933562,-122.0438609
USA,IL,Coal City,41.2878096,-88.2856185
USA,KS,Shawnee Mission,39.02284849999999,-94.7151865
USA,CA,Inglewood,33.9616801,-118.3531311
USA,TX,Bellaire,29.7057858,-95.4588299
CAN,ON,Saint Catharines,43.1593745,-79.2468626
USA,CA,Sacramento,38.5815719,-121.4943996
USA,FL,West Palm Beach,26.7153424,-80.0533746
USA,NJ,Montclair,40.8259007,-74.2090053
USA,VA,Norfolk,36.8507689,-76.28587259999999
USA,SC,Taylors,34.9203946,-82.2962268
USA,CA,Oxnard,34.1975048,-119.1770516
USA,NM,Los Alamos,35.8800364,-106.3031138
USA,CA,Lafayette,37.8857582,-122.1180201
USA,CA,Studio City,34.1395597,-118.3870991
USA,MA,Hopkinton,42.22869540000001,-71.5225646
USA,CA,Fairfield,38.2491956,-122.0405151
USA,PA,Doylestown,40.3101063,-75.1298939
CAN,NS,Sherbrooke,45.1402166,-61.97991099999999
USA,FL,Fort Myers,26.640628,-81.8723084
CAN,QC,Salaberry-de-valleyfield,45.2500909,-74.1330862
USA,CA,San Clemente,33.4273521,-117.6126004
USA,MS,Starkville,33.4503998,-88.81838719999999
USA,NJ,Mountainside,40.6723242,-74.3573722
CAN,ON,Blind River,46.1847168,-82.9539729
USA,TX,Mansfield,32.5631924,-97.1416768
USA,VT,Richmond,44.4053135,-72.9924128
USA,OH,Youngstown,41.0997803,-80.6495194
USA,ME,Northern Washington Co,44.98493149999999,-67.6776835
USA,CA,San Rafael,37.9735346,-122.5310874
USA,NJ,Rutherford,40.826489,-74.10680909999999
USA,NC,Waxhaw,34.9245935,-80.7434019
USA,NY,Astoria,40.7643574,-73.92346189999999
USA,CA,Saratoga,37.2638324,-122.0230146
USA,OH,New Albany,40.0903748,-82.7935789
USA,MS,Laurel,31.6940509,-89.1306124
USA,PA,Butler,40.8611755,-79.89533279999999
USA,NY,White Plains,41.03398620000001,-73.7629097
USA,VA,Blacksburg,37.2295733,-80.4139393
USA,NJ,Brick,40.0578384,-74.1371832
USA,MA,Raynham,41.9487077,-71.0731162
USA,MA,West Bridgewater,42.0189894,-71.00782149999999
USA,PA,Mill Hall,41.10729,-77.48443
USA,NJ,Moorestown,39.9688817,-74.948886
USA,NJ,Bayonne,40.6687141,-74.1143091
USA,MA,Clinton,42.41676349999999,-71.68290809999999
USA,FL,Wesley Chapel,28.1983135,-82.3304509
USA,WI,Coloma,44.0354817,-89.5224004
USA,VA,Midlothian,37.5061069,-77.6490005
USA,CA,Arcata,40.8665166,-124.0828396
USA,VA,Orange,38.2454106,-78.1108342
USA,CT,Hamden,41.3838782,-72.9026064
CAN,ON,Oakville,43.467517,-79.6876659
USA,IA,Ankeny,41.7317884,-93.6001278
USA,FL,Pompano Beach,26.2378597,-80.1247667
USA,TX,Friendswood,29.5293998,-95.2010447
USA,OH,Garrettsville,41.2842224,-81.0964856
USA,WA,Sequim,48.0795365,-123.1018438
CAN,AB,Calmar,53.265047,-113.8054953
USA,CT,South Glastonbury,41.6670603,-72.595888
USA,PA,Wynnewood,39.9995913,-75.273018
USA,NJ,Eatontown,40.2962222,-74.0509725
USA,TX,Del Valle,30.2091069,-97.6472349
USA,PA,Villanova,40.0375832,-75.3491813
USA,SD,Sioux Falls,43.5460223,-96.731265
USA,MN,Hamel,45.0408365,-93.5253597
CAN,NL,St. John's,47.5615096,-52.7125768
USA,PA,Newtown,40.2283371,-74.9322596
USA,LA,Monroe,32.5093109,-92.1193012
USA,MD,Silver Spring,38.99066570000001,-77.026088
USA,PA,Danville,40.96342,-76.6127329
USA,MD,Frederick,39.41426879999999,-77.4105409
USA,TX,Lubbock,33.5778631,-101.8551665
USA,MA,Wakefield,42.5039395,-71.0723391
USA,OH,Independence,41.3686645,-81.63790329999999
USA,NY,Roslyn Heights,40.7887117,-73.6473511
USA,CT,Shelton,41.3164856,-73.0931641
USA,OH,Chagrin Falls,41.4298516,-81.3910999
USA,VT,Waitsfield,44.1926386,-72.7798479
USA,CO,Crestone,37.9963881,-105.6997332
USA,NJ,Hackensack,40.8859325,-74.0434736
USA,RI,Wakefield,41.4381721,-71.50155459999999
USA,NY,Fairport,43.0986742,-77.44193779999999
USA,MA,Newton Center,42.3300503,-71.1948255
USA,MD,Savage,39.1378733,-76.8217374
USA,NY,Mamaroneck,40.94870969999999,-73.7326309
USA,WI,Grafton,43.3197265,-87.9534226
USA,NJ,Monmouth Junction,40.3789957,-74.54654359999999
USA,CA,Chatsworth,34.2506356,-118.61481
USA,NY,Centerport,40.8991963,-73.3678388
USA,AR,Elkins,36.0014682,-94.0082547
USA,CA,Long Beach,33.7700504,-118.1937395
USA,MN,Saint Michael,45.209964,-93.6649642
USA,CA,Corona,33.8752935,-117.5664384
USA,UT,Ogden,41.223,-111.9738304
USA,CA,San Juan Capistrano,33.5019027,-117.6627655
USA,CA,Gardena,33.8883487,-118.3089624
USA,CO,Brighton,39.9852617,-104.8205283
USA,KY,Covington,39.0836712,-84.5085536
USA,IL,Edwardsville,38.8114364,-89.95315699999999
USA,MA,Chelsea,42.3917638,-71.0328284
USA,NJ,Parsippany,40.8652865,-74.41738769999999
USA,WA,Tumwater,47.0073187,-122.9093063
USA,CA,Upland,34.09751,-117.6483876
USA,PA,Clarion,41.2147851,-79.3853218
USA,CT,Madison,41.2959908,-72.5754149
USA,OH,Elyria,41.3683798,-82.10764859999999
USA,OR,Bend,44.0581728,-121.3153096
USA,HI,Aiea,21.386338,-157.9255357
USA,CA,Encino,34.1517492,-118.5214282
USA,NY,Canandaigua,42.887535,-77.2816984
CAN,ON,Richmond Hill,43.8828401,-79.4402808
USA,IL,Loves Park,42.3200189,-89.05816209999999
USA,NV,Carson City,39.1637984,-119.7674034
USA,NJ,Englewood,40.8928771,-73.9726381
USA,MA,Amherst,42.3732216,-72.5198537
USA,NC,Winston Salem,36.09985959999999,-80.244216
USA,CA,Millbrae,37.5985468,-122.3871942
USA,CA,Pacific Palisades,34.03563310000001,-118.5155901
USA,MN,Stillwater,45.056004,-92.80884429999999
USA,NV,Reno,39.5296329,-119.8138027
USA,WA,Tacoma,47.2528768,-122.4442906
USA,NY,Woodbury,41.3645382,-74.1059775
USA,MA,Somerville,42.3875968,-71.0994968
USA,OH,Richfield,41.2397772,-81.6381785
USA,CA,Mill Valley,37.9060368,-122.5449763
USA,CA,La Mirada,33.9172357,-118.0120086
USA,MD,Randallstown,39.3673278,-76.79525249999999
USA,VA,Great Falls,38.9981652,-77.2883157
USA,CT,Avon,41.8096201,-72.8305154
USA,NY,Stony Brook,40.9256538,-73.1409429
USA,VA,Glen Allen,37.665978,-77.5063739
USA,CA,Universal City,34.1397694,-118.3505779
USA,FL,Panama City Beach,30.1765914,-85.8054879
USA,MA,Arlington Heights,42.4203797,-71.178551
USA,WA,Snohomish,47.91287560000001,-122.0981847
USA,NJ,Paramus,40.9445428,-74.0754189
USA,KY,Murray,36.6103334,-88.31476099999999
USA,WA,Mercer Island,47.5706548,-122.2220674
USA,CA,Rohnert Park,38.3396367,-122.7010984
USA,NJ,Annandale,40.6409347,-74.881278
USA,AR,Benton,34.5645371,-92.586828
USA,CA,Carmichael,38.617127,-121.3282843
USA,CO,Berthoud,40.3083174,-105.0810924
USA,CA,Ventura,34.2804923,-119.2945199
USA,NJ,Crosswicks,40.1533063,-74.6473956
USA,WA,Lyle,45.695954,-121.2861833
USA,MD,Phoenix,39.51291,-76.6074575
USA,NJ,Livingston,40.7862871,-74.3300842
USA,OH,Richmond,40.4333996,-80.7717478
USA,PA,Bala Cynwyd,40.0131418,-75.23040379999999
USA,CA,Anaheim,33.8365932,-117.9143012
USA,CA,Rancho Santa Margarita,33.640171,-117.602832
USA,WI,Beloit,42.5083482,-89.03177649999999
USA,CA,Granite Bay,38.7632345,-121.1638361
USA,CA,Solana Beach,32.991155,-117.2711481
USA,CA,Rancho Palos Verdes,33.7444613,-118.3870173
USA,CT,Hartford,41.7658043,-72.6733723
USA,CT,Ridgefield,41.28406349999999,-73.4975412
USA,CT,West Simsbury,41.8731531,-72.8581549
USA,NJ,Wayne,40.92537249999999,-74.2765441
USA,NJ,New Brunswick,40.4862157,-74.4518188
USA,UT,Saint George,37.0965278,-113.5684164
USA,NY,Amherst,42.97900670000001,-78.792272
USA,CA,Brentwood,37.931868,-121.6957863
USA,IL,Metamora,40.7905919,-89.36064329999999
USA,MA,West Newton,42.3497948,-71.2250533
USA,CA,Azusa,34.1336186,-117.9075627
USA,CA,Rocklin,38.7907339,-121.2357828
USA,GA,Mcdonough,33.4473361,-84.1468616
USA,PA,Radnor,40.043912,-75.3754599
USA,MA,Gloucester,42.6159285,-70.6619888
USA,TX,Mineral Wells,32.8084605,-98.1128223
USA,OH,Marietta,39.41535200000001,-81.45484359999999
USA,NY,Denver,42.2125871,-74.5693201
USA,IN,Terre Haute,39.4667034,-87.41390919999999
USA,TX,Canyon Lake,29.8752177,-98.2625127
USA,OH,Miamisburg,39.6428362,-84.2866083
USA,TX,Southlake,32.9412363,-97.1341783
USA,PA,Blue Bell,40.1523309,-75.26628900000001
USA,VT,Norwich,43.7153482,-72.307869
USA,FL,Hallandale,25.9812024,-80.14837899999999
USA,NC,Boone,36.216795,-81.6745517
USA,OH,Delaware,40.2986724,-83.067965
USA,NY,Hauppauge,40.8256536,-73.2026138
USA,MD,Towson,39.4014955,-76.6019125
USA,OR,Tualatin,45.3779988,-122.7821817
USA,ND,Bismarck,46.8083268,-100.7837392
USA,IL,Warrenville,41.81780699999999,-88.17340209999999
USA,MD,College Park,38.9896967,-76.93776
USA,WI,Lake Geneva,42.5916836,-88.4334301
USA,NH,Hanover,43.7022451,-72.2895526
USA,MI,Sterling Heights,42.5803122,-83.0302033
USA,IN,Whiting,41.6797578,-87.4944873
USA,WY,Cheyenne,41.1399814,-104.8202462
USA,IL,Elmhurst,41.8994744,-87.9403418
USA,IL,Vernon Hills,42.23933230000001,-87.9653565
USA,ME,Stockholm,47.0422642,-68.1394756
USA,MN,White Bear Lake,45.0853814,-93.0081479
USA,NJ,Newark,40.735657,-74.1723667
USA,OH,Liberty Center,41.443385,-84.0088346
USA,OH,Euclid,41.5931049,-81.5267873
USA,RI,East Providence,41.8137116,-71.3700545
USA,WI,Kaukauna,44.2780432,-88.27205029999999
USA,MA,Southborough,42.3056501,-71.5245087
USA,IL,Castleton,41.1175817,-89.70679659999999
USA,NJ,Union,40.6975898,-74.26316349999999
USA,PA,Mechanicsburg,40.2132692,-77.0080309
USA,CO,Niwot,40.103874,-105.1708193
USA,CA,Fountain Valley,33.7090212,-117.9544069
USA,CA,Duarte,34.1394513,-117.9772873
USA,KS,Leawood,38.966673,-94.6169012
USA,CA,Monterey Park,34.0625106,-118.1228476
USA,WI,Greendale,42.9405711,-87.9959191
USA,IL,Swansea,38.5339392,-89.9889936
USA,DE,New Castle,39.6620397,-75.5668166
USA,WA,Puyallup,47.1853785,-122.2928974
USA,FL,Windermere,28.4955593,-81.53479519999999
CAN,ON,Welland,42.9921579,-79.2482555
USA,CA,Lake Forest,33.6469437,-117.6861023
USA,CA,Ontario,34.0633443,-117.6508876
USA,MA,Franklin,42.0834313,-71.396725
USA,CA,Greenville,40.1396126,-120.9510675
USA,CA,Signal Hill,33.8044614,-118.1678456
USA,NJ,North Bergen,40.8042674,-74.012084
USA,MD,Cockeysville,39.4812172,-76.6438598
USA,TX,Spring,30.0799405,-95.41716009999999
USA,IN,Evansville,37.9715592,-87.5710898
USA,CT,Southport,41.1367397,-73.28348729999999
USA,MO,Philadelphia,39.83862920000001,-91.7391389
USA,NY,Yonkers,40.9312099,-73.89874689999999
USA,MA,Lincoln,42.4259283,-71.3039469
USA,CA,Agoura Hills,34.1533395,-118.7616764
USA,MN,Elk River,45.33772829999999,-93.56911219999999
USA,NY,New Windsor,41.4706446,-74.1122506
USA,CA,Westlake Village,34.1466467,-118.8073729
USA,PA,Breinigsville,40.5393961,-75.631484
USA,CT,Darien,41.0771914,-73.4686858
USA,CT,Wallingford,41.4570108,-72.8230736
USA,AL,Gardendale,33.6601033,-86.8127702
USA,KY,California,38.9186766,-84.26354719999999
USA,VT,Middlebury,44.0153371,-73.16734
USA,MI,Canton,42.3086444,-83.48211599999999
USA,TX,Baytown,29.7355047,-94.97742740000001
USA,PA,Kelayres,40.9008402,-76.0039737
USA,OK,Norman,35.2225668,-97.4394777
USA,CO,Bailey,39.4060536,-105.4786412
USA,UT,Park City,40.6460622,-111.4979729
USA,NC,Davidson,35.4993031,-80.8486846
USA,NC,Hillsborough,36.0754183,-79.0997347
USA,NY,Syosset,40.8262101,-73.502068
USA,CA,Paso Robles,35.6368759,-120.6545022
USA,CA,Stevenson Ranch,34.3931105,-118.5907538
USA,NY,Hempstead,40.7062128,-73.6187397
USA,NJ,Fair Lawn,40.9403762,-74.1318096
USA,MD,Essex,39.30927430000001,-76.47496199999999
USA,OH,Lakewood,41.4819932,-81.7981908
USA,TX,Tomball,30.0971621,-95.6160549
USA,CT,New Canaan,41.146763,-73.4948445
USA,NH,Milford,42.8353619,-71.6489836
USA,IN,Columbia City,41.15726859999999,-85.4883127
USA,IL,Skokie,42.0324025,-87.7416246
USA,OH,Medina,41.143245,-81.8552196
CAN,ON,London,42.9849233,-81.2452768
USA,GA,Columbus,32.4609764,-84.9877094
USA,WA,Liberty Lake,47.6743428,-117.1124241
CAN,ON,Hamilton,43.2557206,-79.8711024
USA,MD,Hagerstown,39.6417629,-77.71999319999999
USA,CA,Blythe,33.6177725,-114.5882607
USA,IA,Johnston,41.6709834,-93.7130493
USA,CA,Atherton,37.4613272,-122.197743
USA,MA,Melrose,42.4584292,-71.0661633
USA,OH,Whitehouse,41.5189413,-83.8038284
USA,AL,Enterprise,31.3151708,-85.85521609999999
USA,OH,Athens,39.3292396,-82.1012554
USA,CA,Mi Wuk Village,38.065755,-120.1849105
USA,NJ,Short Hills,40.7483499,-74.3232194
USA,PA,Coraopolis,40.5184013,-80.1667247
USA,NY,West Henrietta,43.0384885,-77.6632587
USA,CA,Valley Village,34.1633045,-118.3841777
USA,MD,Beltsville,39.0348317,-76.9074739
USA,MI,Ypsilanti,42.2411499,-83.61299389999999
USA,VA,Newport News,37.0870821,-76.4730122
USA,OH,Lima,40.742551,-84.1052256
USA,FL,Pembroke Pines,26.007765,-80.2962555
USA,NY,Carmel,41.4300937,-73.6801297
USA,CA,East Palo Alto,37.4688273,-122.1410751
USA,NY,Ridgewood,40.7043986,-73.9018292
USA,NY,Hicksville,40.7580684,-73.5240738
USA,MO,Fremont,36.9522742,-91.1642971
USA,FL,Sarasota,27.3364347,-82.53065269999999
USA,TX,Georgetown,30.6332618,-97.6779842
USA,FL,North Palm Beach,26.8171165,-80.0590804
USA,CA,San Marcos,33.1433723,-117.1661449
USA,SC,Bluffton,32.2371465,-80.8603868
USA,CA,Sebastopol,38.4021359,-122.8238806
USA,MD,Burtonsville,39.11121929999999,-76.9324752
CAN,AB,Strathmore,51.0378158,-113.4004199
USA,NC,Wrightsville Beach,34.2085036,-77.7963709
USA,ME,Hampden,44.7445421,-68.8370436
USA,FL,Kenansville,27.8764614,-80.9882554
USA,LA,Metairie,29.9840922,-90.1528519
USA,RI,North Kingstown,41.5568315,-71.4536835
USA,TN,Madison,36.25620019999999,-86.7143516
USA,OH,Solon,41.3897764,-81.44122589999999
USA,ME,Orono,44.8831125,-68.6719411
USA,UT,Herriman,40.5141147,-112.0329938
USA,MI,Zeeland,42.8125246,-86.01865099999999
USA,TX,Red Oak,32.5332101,-96.8153
USA,SC,Ridge Spring,33.8454176,-81.6617723
USA,NJ,Cedar Grove,40.8517876,-74.2290319
USA,IL,Elgin,42.0354084,-88.2825668
USA,NY,Monroe,41.3046016,-74.1827119
USA,KS,Lawrence,38.9716689,-95.2352501
USA,GA,Valdosta,30.8327022,-83.2784851
USA,DE,Milford,38.9126129,-75.4279748
USA,NC,Benson,35.3821067,-78.54862100000001
USA,CA,California City,35.125801,-117.9859038
USA,MN,Shakopee,44.7973962,-93.5272861
USA,MO,Bolivar,37.6144838,-93.4104749
USA,FL,Saint Augustine,29.9012437,-81.31243409999999
USA,CA,Rancho Dominguez,33.8508097,-118.224885
USA,TX,Frisco,33.1506744,-96.82361159999999
USA,VA,Hampton,37.0298687,-76.34522179999999
USA,MD,Upper Marlboro,38.8159473,-76.74969089999999
USA,FL,Fernandina Beach,30.6696818,-81.46259189999999
USA,NC,Kure Beach,33.9968399,-77.90720809999999
USA,MS,Oxford,34.3668299,-89.51863499999999
USA,VA,Suffolk,36.7282054,-76.5835621
USA,CA,Yreka,41.7354186,-122.6344709
USA,IL,Grayslake,42.34446639999999,-88.04174599999999
USA,NC,Brevard,35.2334472,-82.7342919
USA,KY,Glencoe,38.7145093,-84.82272549999999
USA,GA,Cleveland,34.5970402,-83.7632366
USA,NC,East Bend,36.2165279,-80.512558
USA,WA,Kent,47.3809335,-122.2348432
USA,CA,Oceanside,33.1958696,-117.3794834
USA,MN,Saint Cloud,45.5579451,-94.16324039999999
USA,CA,Hermosa Beach,33.8622366,-118.3995194
USA,CA,Los Altos Hills,37.3796627,-122.1374637
USA,TX,Boerne,29.79466409999999,-98.7319703
USA,FL,Seminole,27.8397466,-82.79121339999999
USA,MI,Allen Park,42.2575385,-83.2110375
USA,CA,Quincy,39.9368363,-120.9471764
USA,NJ,New Providence,40.6984348,-74.4015405
USA,MS,Ridgeland,32.4284761,-90.1323087
USA,IL,Lincolnshire,42.1900249,-87.9084039
USA,VA,Sandston,37.5234001,-77.3158452
USA,CA,Glendora,34.1361187,-117.865339
USA,MN,Eveleth,47.46242789999999,-92.5399063
USA,UT,North Salt Lake,40.8485564,-111.9068824
USA,NJ,Morris Plains,40.83959220000001,-74.4818698
USA,NH,Merrimack,42.8678693,-71.49483219999999
USA,CA,San Luis Obispo,35.2827524,-120.6596156
USA,WY,Ten Sleep,44.0341262,-107.4511871
USA,IL,Woodridge,41.7469749,-88.0503406
USA,MN,Minnesota City,44.0938521,-91.7495959
USA,IL,Freeport,42.2966861,-89.6212271
USA,NY,Amityville,40.6789893,-73.4170673
USA,NJ,Northvale,41.0064864,-73.9490258
USA,NM,Las Cruces,32.3199396,-106.7636538
USA,NE,Wisner,41.9872249,-96.9142055
USA,IL,Elk Grove Village,42.0039178,-87.9703461
USA,MN,Maple Grove,45.0724642,-93.4557877
USA,OH,Beachwood,41.4644979,-81.5087322
USA,CA,Calabasas,34.1367208,-118.6614809
USA,IN,Lafayette,40.4167022,-86.87528689999999
USA,NJ,East Hanover,40.8200623,-74.3647247
USA,IL,East Peoria,40.666149,-89.5800978
USA,AL,Mobile,30.6953657,-88.0398912
CAN,BC,Surrey,49.1913466,-122.8490125
USA,CA,Trabuco Canyon,33.6655081,-117.5869862
USA,TN,Hendersonville,36.3047735,-86.6199957
USA,PA,Allentown,40.6022939,-75.4714098
USA,IA,Dubuque,42.50226610000001,-90.66546749999999
USA,NH,Hudson,42.7647763,-71.43980739999999
USA,MA,Wenham,42.604261,-70.8911612
USA,CT,Norwich,41.5242649,-72.07591049999999
USA,MA,Arlington,42.4153925,-71.1564729
CAN,ON,Etobicoke,43.6204946,-79.5131983
USA,NJ,Hampton,40.7070446,-74.9560032
USA,TX,Fort Worth,32.7554883,-97.3307658
USA,GA,Carrollton,33.5801103,-85.0766113
USA,OR,Sherwood,45.3563261,-122.8402749
USA,MA,Medfield,42.18758260000001,-71.30645969999999
USA,NE,Columbus,41.43029730000001,-97.3593904
USA,IN,Bloomington,39.165325,-86.52638569999999
USA,TX,Bedford,32.844017,-97.1430671
USA,MS,Corinth,34.9342548,-88.5222702
USA,CA,San Leandro,37.7257663,-122.1568554
USA,NJ,Roseland,40.8206555,-74.2937594
USA,TX,Cypress,29.9716905,-95.6937856
USA,ID,Sandpoint,48.276577,-116.553465
CAN,BC,Kelowna,49.8879519,-119.4960106
USA,CA,North Hollywood,34.187044,-118.3812562
USA,FL,Fort Walton Beach,30.42007079999999,-86.6170308
USA,TX,Grapevine,32.9342919,-97.0780654
CAN,ON,Cambridge,43.3616211,-80.3144276
USA,IL,Collinsville,38.6703266,-89.9845476
USA,FL,Jacksonville Beach,30.2841224,-81.3961338
USA,FL,Newberry,29.6463535,-82.6065023
USA,PA,Hawley,41.47592239999999,-75.18211889999999
USA,CA,Danville,37.8215929,-121.9999606
USA,CA,Dublin,37.7159396,-121.9101221
USA,GA,Athens,33.9519347,-83.357567
USA,KS,Wichita,37.68717609999999,-97.33005299999999
USA,DE,Lewes,38.7745565,-75.13934979999999
USA,AZ,Colorado City,36.9902621,-112.9757702
USA,IN,Georgetown,38.2945115,-85.9755239
USA,MT,Toston,46.1720562,-111.441076
USA,GA,Blackshear,31.3060513,-82.2420661
USA,MN,Prior Lake,44.7132969,-93.4227274
CAN,BC,Canal Flats,50.1547849,-115.808063
USA,NY,Patchogue,40.7659783,-73.01934299999999
USA,NJ,Teaneck,40.8932469,-74.0116536
USA,PA,Monaca,40.6872885,-80.2714505
USA,IL,Lisle,41.801141,-88.0747875
USA,WV,Fairmont,39.4850848,-80.1425781
USA,IL,Round Lake,42.353355,-88.0934145
USA,TX,Hutto,30.54269949999999,-97.5466702
USA,IL,Tinley Park,41.5731442,-87.7932939
USA,AR,Conway,35.0886963,-92.4421011
USA,OH,Powell,40.1578402,-83.07518689999999
USA,NJ,Pine Brook,40.8674879,-74.3440842
USA,CA,Camarillo,34.2163937,-119.0376023
USA,FL,Largo,27.9094665,-82.7873244
USA,TX,Cedar Park,30.505198,-97.8202888
USA,CA,Visalia,36.3302284,-119.2920585
USA,OR,Keizer,44.9901194,-123.0262077
USA,PA,Bedford,40.0186921,-78.50390689999999
USA,CT,Monroe,41.3325962,-73.2073358
USA,CA,Daly City,37.6879241,-122.4702079
USA,CT,Unionville,41.7602365,-72.8888458
USA,CA,Cerritos,33.8583483,-118.0647871
USA,OH,Jerusalem,39.8517389,-81.0923265
USA,IA,Sioux City,42.4963416,-96.40494079999999
USA,MA,Salem,42.51954,-70.8967155
USA,AL,Sheffield,34.7650887,-87.6986407
USA,WA,Blaine,48.993723,-122.7471191
USA,NY,Mineola,40.7492678,-73.64068449999999
USA,ND,Berlin,46.3785823,-98.4898183
USA,WA,Sammamish,47.61626829999999,-122.0355736
USA,NY,South Richmond Hill,40.6918929,-73.8257325
USA,NC,Greenville,35.612661,-77.3663538
USA,TX,Mcallen,26.2034071,-98.23001239999999
USA,AL,River Falls,31.3529468,-86.53912729999999
USA,IL,Schaumburg,42.0333607,-88.0834059
USA,IL,Hanover Park,41.9994722,-88.1450735
USA,CA,Loma Linda,34.0483474,-117.2611527
USA,MO,Martinsburg,39.1022618,-91.64766399999999
USA,FL,Winter Park,28.5999998,-81.33923519999999
USA,PA,Erie,42.12922409999999,-80.085059
USA,CA,Summerland,34.4220518,-119.5981636
USA,UT,Murray,40.6668916,-111.8879909
USA,IL,Peoria Heights,40.7472594,-89.5739845
USA,CA,Riverside,33.9806005,-117.3754942
USA,NY,Batavia,42.9981156,-78.1875167
USA,VA,Colonial Heights,37.244039,-77.4102607
USA,NY,Forest Hills,40.718106,-73.8448469
USA,MD,Derwood,39.1174267,-77.1611903
USA,HI,Kahului,20.8893351,-156.4729469
USA,CA,Fairfax,37.9871454,-122.5888686
USA,IA,Davenport,41.5236437,-90.5776367
USA,HI,Kilauea,22.2119444,-159.4122222
USA,MA,Wilbraham,42.1237206,-72.431586
USA,MD,Pikesville,39.3742729,-76.7224727
USA,PA,Horsham,40.1784422,-75.1285061
USA,ME,Yarmouth,43.8006208,-70.18672269999999
USA,MA,Amesbury,42.85839250000001,-70.93003759999999
USA,CA,Clayton,37.9410341,-121.9357925
USA,GA,Kennesaw,34.0234337,-84.6154897
USA,CO,Grand Junction,39.0638705,-108.5506486
USA,ME,Cambridge,45.0242231,-69.47393679999999
USA,CA,Concord,37.9779776,-122.0310733
USA,MA,Mansfield,42.03345650000001,-71.2190578
USA,CA,Tehachapi,35.1321877,-118.4489739
USA,NY,Levittown,40.7259336,-73.51429209999999
USA,IA,Iowa City,41.6611277,-91.5301683
USA,IL,Orland Park,41.6303103,-87.85394250000002
USA,VA,Christiansburg,37.1298517,-80.4089389
USA,AK,Anchorage,61.2180556,-149.9002778
USA,MD,Lanham,38.96851119999999,-76.8620327
USA,NJ,South Orange,40.7489277,-74.2609903
USA,CA,West Los Angeles,34.0412085,-118.442596
USA,MA,Sandwich,41.7589615,-70.49393169999999
USA,NC,Mooresville,35.5859146,-80.8081413
USA,CT,Danbury,41.394817,-73.4540111
USA,UT,Mapleton,40.1302338,-111.5785281
USA,NY,Latham,42.7477661,-73.760537
USA,FL,Miami Lakes,25.9087056,-80.30866189999999
USA,IL,Roselle,41.9847504,-88.07979329999999
USA,OH,New Concord,39.9936837,-81.73401679999999
USA,IL,Highland Park,42.1816918,-87.8003437
USA,PA,Drexel Hill,39.9470567,-75.2921301
USA,MI,Port Huron,42.9708634,-82.42491419999999
USA,MD,Hunt Valley,39.4900013,-76.65850739999999
USA,MI,Midland,43.6155825,-84.2472116
USA,MN,Duluth,46.78667189999999,-92.1004852
USA,ME,Brunswick,43.9140162,-69.966996
USA,MA,White Horse Beach,41.9330775,-70.56181839999999
USA,TN,Vonore,35.590078,-84.2418612
USA,NY,Brownville,44.0070026,-75.9840923
USA,MO,Glencoe,38.5776432,-90.6678177
USA,PA,Hatfield,40.27982739999999,-75.2993417
USA,FL,Cocoa,28.3861159,-80.7419984
USA,PA,Chalfont,40.2884395,-75.2090623
USA,TX,Coppell,32.9545687,-97.01500779999999
USA,ID,Coeur D'alene,47.6734632,-116.7812225
USA,MA,Peabody,42.5278731,-70.9286609
CAN,PE,Charlottetown,46.23824,-63.13107040000001
USA,CA,Playa Del Rey,33.9564194,-118.4422317
CAN,ON,Woodbridge,43.7761753,-79.60924299999999
USA,IL,Batavia,41.8500284,-88.3125738
USA,CA,Indio,33.7205771,-116.2155619
USA,FL,Santa Rosa Beach,30.3960324,-86.2288322
USA,AL,Leeds,33.5481597,-86.54442879999999
USA,IL,Kenilworth,42.085862,-87.71756069999999
USA,ND,West Fargo,46.8769487,-96.89990569999999
USA,TX,Temple,31.0982344,-97.342782
USA,NJ,Florham Park,40.787878,-74.3882072
USA,CA,Valencia,34.419837,-118.5627013
USA,MD,Glen Burnie,39.1626084,-76.6246886
USA,NY,Plattsburgh,44.6994873,-73.4529124
USA,OR,Talent,37.09024,-95.712891
USA,NY,Valhalla,41.0748188,-73.77513259999999
USA,UT,Tooele,40.53077760000001,-112.29828
USA,NJ,Hainesport,39.9837234,-74.82710809999999
USA,FL,Palm Bay,28.0344621,-80.5886646
USA,CT,Woodbridge,41.352597,-73.0084385
CAN,ON,Thunder Bay,48.3808951,-89.2476823
USA,NY,Ronkonkoma,40.80641869999999,-73.1241488
USA,WA,Lynnwood,47.8209301,-122.3151314
USA,KY,Paducah,37.0833893,-88.6000478
USA,IL,Hinsdale,41.8008642,-87.9370052
USA,MA,Belmont,42.3956405,-71.1776114
USA,CA,Cypress,33.8169366,-118.0368507
USA,VA,Leesburg,39.1156615,-77.56360149999999
USA,NJ,Browns Mills,39.9726147,-74.58293309999999
USA,SC,Fort Mill,35.0073697,-80.94507589999999
USA,CA,Novato,38.1074198,-122.5697032
USA,IA,Ames,42.0307812,-93.63191309999999
USA,VT,Woodstock,43.6242442,-72.51851119999999
USA,CO,Telluride,37.9374939,-107.8122852
CAN,ON,Pefferlaw,44.31468599999999,-79.20273300000001
USA,NJ,South Hackensack,40.8625996,-74.0479182
USA,IL,Riverside,41.8350316,-87.8228357
USA,CA,Mather,38.5434594,-121.2783728
USA,CA,Bakersfield,35.3732921,-119.0187125
USA,MI,Ottawa Lake,41.7640537,-83.7492084
USA,WI,Sturtevant,42.69807489999999,-87.8945229
USA,NE,Roca,40.6574889,-96.6612569
USA,NJ,Lyndhurst,40.81201710000001,-74.1243063
USA,VT,White River Junction,43.6489596,-72.3192579
USA,NY,Melville,40.7934322,-73.41512139999999
USA,AK,Russian Mission,61.785,-161.3202777
USA,MA,Norwood,42.19439089999999,-71.19896949999999
CAN,ON,Barrie,44.38935559999999,-79.6903316
CAN,ON,Delta,44.608509,-76.123042
USA,NC,Greensboro,36.0726354,-79.7919754
USA,CO,Erie,40.0502623,-105.0499817
USA,LA,Hackberry,29.9960464,-93.3420996
USA,NY,Deer Park,40.7617653,-73.3292857
USA,CT,Glastonbury,41.6861794,-72.5450779
USA,KY,Scottsville,36.7533781,-86.1905424
USA,MA,North Andover,42.69870239999999,-71.1350575
USA,CO,Castle Rock,39.3722121,-104.8560902
USA,OR,Saint Helens,45.85896100000001,-122.8212356
USA,NY,Farmingdale,40.7325997,-73.4454009
USA,MD,Stevensville,38.9806679,-76.3143999
USA,OR,Medford,42.4184296,-71.1061639
USA,MA,Groton,42.6112018,-71.5745152
USA,MS,Ocean Springs,30.4113097,-88.8278057
USA,CA,Wildomar,33.5989126,-117.2800372
USA,LA,Shreveport,32.5251516,-93.7501789
USA,NY,Garden City,40.7267682,-73.6342954
USA,KY,Providence,37.397545,-87.7627897
USA,GA,Savannah,32.0808989,-81.091203
USA,MA,Reading,42.5256563,-71.0952891
USA,NJ,Lambertville,40.36593939999999,-74.94294479999999
USA,MD,Glenwood,39.2868284,-77.0277326
USA,NJ,Flemington,40.5123258,-74.85933179999999
USA,MN,Mendota,44.8871878,-93.1643869
USA,CA,Boulevard,32.6636254,-116.2738148
USA,OH,Loveland,39.2689476,-84.26382600000001
USA,TX,Holliday,33.8162095,-98.6950595
USA,IL,Effingham,39.1200418,-88.5433829
USA,NJ,Somers Point,39.3160641,-74.60530469999999
USA,UT,Washington,37.1305373,-113.5082867
USA,SC,Sullivans Island,32.7632323,-79.8367511
USA,WA,Renton,47.4796927,-122.2079218
USA,NY,West Nyack,41.096485,-73.9729162
CAN,AB,Vancouver,49.2827291,-123.1207375
USA,UT,West Jordan,40.6096698,-111.9391031
USA,MA,Braintree,42.2079017,-71.0040013
USA,ME,Kennebunk,43.3845306,-70.54399
USA,PA,Havertown,39.9763656,-75.3149796
USA,WY,Pinedale,42.8678809,-109.8633501
USA,MD,Laurel,39.0992752,-76.8483061
USA,CO,Aspen,39.1910983,-106.8175387
USA,CT,Wilton,41.1953739,-73.4378988
USA,GA,Cumming,34.2073196,-84.14019259999999
USA,CA,Fullerton,33.8703645,-117.9242123
USA,FL,Altamonte Springs,28.6611089,-81.3656242
USA,GA,Lawrenceville,33.9562149,-83.9879625
USA,SC,Cheraw,34.6976564,-79.8833971
USA,IN,Kokomo,40.486427,-86.13360329999999
USA,GA,Acworth,34.0659329,-84.6768796
USA,OR,Wilsonville,45.3029903,-122.7726501
USA,FL,Ponte Vedra Beach,30.2400058,-81.3852595
USA,VA,Strasburg,38.9887199,-78.358616
USA,VT,Shoreham,43.8936708,-73.3159515
USA,CA,Laguna Beach,33.5427189,-117.7853568
USA,NY,Irvington,41.0391,-73.86699999999999
USA,FL,Port Orange,29.1383165,-80.9956105
USA,CA,Idyllwild,33.7467471,-116.7152556
USA,FL,Maitland,28.6277767,-81.36312439999999
USA,NJ,Atlantic Highlands,40.4078864,-74.034306
USA,AR,Russellville,35.2784173,-93.1337856
USA,KS,Prairie Village,38.9916726,-94.6335684
USA,MA,Nahant,42.4265633,-70.922279
USA,WI,De Pere,44.4488805,-88.0603806
CAN,BC,Courtenay,49.6841391,-124.9904494
USA,GA,Jasper,34.4695524,-84.4289888
USA,ME,Biddeford Pool,43.4460741,-70.3506613
USA,TN,Cordova,35.1598391,-89.761545
USA,GA,Rex,33.5912973,-84.2687012
USA,CO,Windsor,40.4774818,-104.9013617
USA,NJ,Matawan,40.41482999999999,-74.2295891
USA,SC,Spartanburg,34.9495672,-81.9320482
USA,IL,Jonesboro,37.4517163,-89.26814019999999
USA,TX,Spicewood,30.4760499,-98.15657399999999
USA,MO,St. Charles,38.7881062,-90.4974359
USA,NY,Armonk,41.1264849,-73.71401949999999
USA,MO,Earth City,38.7699175,-90.4667501
USA,NY,Newark Valley,42.2236853,-76.183263
USA,NJ,Midland Park,40.98926429999999,-74.1406988
USA,FL,Oldsmar,28.0341847,-82.6650992
USA,CA,Rancho Cordova,38.5890723,-121.302728
CAN,AB,Thunder Bay,48.3808951,-89.2476823
USA,TX,Anna,33.3490011,-96.54859909999999
USA,CO,Manassa,37.1741778,-105.9375215
CAN,BC,New Westminster,49.2057179,-122.910956
USA,TX,El Paso,31.7618778,-106.4850217
CAN,QC,Saint Laurent,45.4985638,-73.74975669999999
USA,NY,Plainview,40.7764882,-73.4673454
USA,WA,Tukwila,47.4748399,-122.2726248
USA,UT,Bountiful,40.8893895,-111.880771
USA,CA,Tarzana,34.1494848,-118.5506158
USA,AR,Gurdon,33.9209365,-93.1540591
USA,MN,Chanhassen,44.86196450000001,-93.53231029999999
USA,PA,Hatboro,40.1742757,-75.10683879999999
USA,IL,Mchenry,42.333355,-88.2667534
USA,FL,Stuart,27.197548,-80.2528257
USA,CA,Lake Elsinore,33.6680772,-117.3272615
USA,NJ,Piscataway,40.554887,-74.4642861
USA,IN,Rockfield,40.641149,-86.5738923
USA,AL,Tuscaloosa,33.2098407,-87.56917349999999
USA,PA,Lansdowne,39.9381682,-75.2718507
USA,AZ,Goodyear,33.4353394,-112.3576567
USA,CA,Laguna Niguel,33.5236744,-117.7149438
USA,MI,Grand Ledge,42.7533685,-84.7463757
USA,OH,Cuyahoga Falls,41.1339449,-81.48455849999999
USA,KY,Erlanger,39.0167275,-84.60077729999999
USA,MI,Wixom,42.5247555,-83.5363268
USA,SC,Columbia,34.0007104,-81.0348144
USA,CA,La Canada Flintridge,34.2068182,-118.2000277
USA,WA,Port Townsend,48.11703869999999,-122.7604471
USA,IL,Galesburg,40.94781580000001,-90.3712395
USA,MN,West Saint Paul,44.9160768,-93.10160739999999
USA,VA,Fredericksburg,38.3031837,-77.4605399
USA,VA,Warrenton,38.7134516,-77.7952712
USA,VA,Selma,37.8040672,-79.84914750000002
USA,CA,Simi Valley,34.2694474,-118.781482
USA,ID,Idaho Falls,43.49266069999999,-112.0407584
USA,CA,San Pedro,33.7360619,-118.2922461
USA,WI,Fitchburg,43.0023146,-89.424092
USA,MA,Allston,42.3539038,-71.1337112
USA,WI,Eau Claire,44.811349,-91.4984941
USA,AR,Alma,35.4778653,-94.2218752
USA,TX,Waco,31.549333,-97.1466695
USA,CO,Conifer,39.5202516,-105.3056996
USA,NY,Oneonta,42.4528571,-75.0637746
USA,NJ,Westfield,40.6589912,-74.3473717
USA,TX,Tyler,32.3512601,-95.30106239999999
USA,MI,East China,42.7520015,-82.4861964
CAN,ON,Burlington,43.3255196,-79.7990319
USA,NY,Peru,44.5731475,-73.54523089999999
USA,PA,Croydon,40.08733290000001,-74.9034996
USA,WA,Gig Harbor,47.32926399999999,-122.5801293
USA,RI,Barrington,41.7406798,-71.30860899999999
USA,PA,Bensalem,40.09944249999999,-74.9325683
USA,FL,Panama City,30.1588129,-85.6602058
USA,IL,Park Ridge,42.0111412,-87.84061919999999
USA,CT,New London,41.3556539,-72.0995209
USA,CT,Cheshire,41.5083668,-72.9106202
USA,WI,Sun Prairie,43.1836046,-89.2137254
USA,CT,Plainville,41.6757457,-72.86336349999999
USA,IN,Crown Point,41.4169806,-87.3653135
USA,VA,Williamsburg,37.2707022,-76.7074571
USA,TX,Lewisville,33.046233,-96.994174
USA,PA,Huntingdon,40.48479589999999,-78.0102813
USA,TN,Tullahoma,35.3620235,-86.20943419999999
USA,CA,Ripon,37.7394537,-121.1354141
USA,MA,Whitinsville,42.1112075,-71.6661783
USA,TX,Carrollton,32.9756415,-96.8899636
USA,GA,Gainesville,34.2978794,-83.8240663
USA,MD,Potomac,39.0181651,-77.2085914
USA,NJ,Plainsboro,40.3382543,-74.585292
USA,NY,Central Valley,41.3317251,-74.1213172
USA,OH,Middlefield,41.4619986,-81.0737079
USA,NY,Port Chester,41.0017643,-73.66568339999999
USA,CA,Westwood,34.0635016,-118.4455164
USA,CA,Escondido,33.1192068,-117.086421
USA,CA,West Hills,34.1973122,-118.6439809
CAN,BC,Richmond,49.1665898,-123.133569
USA,NJ,Denville,40.8923212,-74.47737750000002
USA,LA,Lake Arthur,30.080764,-92.6715308
USA,PA,State College,40.7933949,-77.8600012
USA,NY,Massapequa,40.6806563,-73.4742914
USA,IA,North Liberty,41.739482,-91.60809739999999
USA,OK,Edmond,35.6528323,-97.47809540000002
USA,PA,Willow Grove,40.1439985,-75.1157286
USA,MO,Fenton,38.5126456,-90.4429881
USA,MN,Litchfield,45.1258332,-94.5283333
USA,WI,Waukesha,43.0116784,-88.2314813
USA,IA,West Des Moines,41.5638902,-93.75938409999999
USA,IA,Clear Lake,43.1435564,-93.3788108
USA,CA,Clovis,36.8252277,-119.7029194
USA,TX,Buda,30.0817231,-97.8428927
USA,TX,Pasadena,29.6910625,-95.2091006
USA,CA,La Puente,34.0200114,-117.9495083
USA,NY,Clifton Park,42.844668,-73.8183804
USA,MA,North Reading,42.5750939,-71.0786653
USA,CA,Toluca Lake,34.1501794,-118.3549609
USA,SC,Pendleton,34.6517733,-82.7837514
CAN,AB,Wetaskiwin,52.9688194,-113.3660794
USA,KS,Sabetha,39.9022223,-95.80082250000001
USA,KY,Owensboro,37.7719074,-87.1111676
USA,MO,Chesterfield,38.6631083,-90.5770675
USA,MA,Canton,42.1584324,-71.1447732
USA,MS,Flowood,32.3380521,-90.0927549
CAN,AB,Lethbridge,49.6955856,-112.8451364
USA,MA,Granville,42.09965450000001,-72.92243289999999
USA,AL,Pelham,33.2856687,-86.8099885
USA,NY,Florida,41.3317606,-74.35682
USA,LA,Georgia,33.0362218,-85.0322444
USA,NJ,Pennsauken,39.9562052,-75.058009
USA,NJ,Middlesex,40.572603,-74.4926541
USA,NJ,Carlstadt,40.8403778,-74.0906974
USA,PA,West Chester,39.9606643,-75.6054882
USA,ME,Lewiston,44.100351,-70.21477639999999
USA,MD,Ellicott City,39.2673283,-76.7983067
USA,OH,Lewis Center,40.1983884,-83.0100987
USA,CA,Santa Clarita,34.3916641,-118.542586
CAN,BC,Maple Ridge,49.2193226,-122.5983981
USA,GA,Tucker,33.8545479,-84.2171424
USA,FL,Ponte Vedra,30.2400058,-81.3852595
USA,NJ,Bloomfield,40.8067546,-74.1854209
USA,OH,Marysville,40.2364486,-83.3671432
USA,MD,Sandy Spring,39.1495278,-77.0262286
USA,IN,Shelbyville,39.5214373,-85.7769238
USA,PA,Yardley,40.245664,-74.8459972
USA,MD,Gambrills,39.0670456,-76.6654513
USA,FL,Satellite Beach,28.1761233,-80.59005189999999
USA,PA,Marcus Hook,39.8192794,-75.4185272
USA,IN,Rising Sun,38.9495047,-84.853838
USA,GA,Boston,30.7918613,-83.78988679999999
USA,NC,Murphy,35.08758359999999,-84.0346315
USA,CT,Bloomfield,41.826488,-72.73009449999999
USA,TX,Smithville,30.0085542,-97.15943209999999
CAN,QC,Bedford,45.1211111,-72.9874466
USA,NJ,Verona,40.82980060000001,-74.24016089999999
USA,MI,Ferndale,42.4605917,-83.1346478
USA,PA,Warminster,40.2067884,-75.099807
USA,KS,Hutchinson,38.0608445,-97.92977429999999
USA,MO,Joplin,37.08422710000001,-94.51328099999999
USA,PA,Lititz,40.1573169,-76.3069014
USA,KY,Bowling Green,36.9685219,-86.4808043
USA,NY,Bronx,40.8447819,-73.8648268
USA,MI,Farmington Hills,42.4989936,-83.3677168
USA,MD,Bowie,39.0067768,-76.77913649999999
USA,NC,Lexington,35.8240265,-80.2533838
USA,NJ,Spring Lake,40.1534476,-74.0281925
USA,NJ,Point Pleasant Beach,40.0912268,-74.0479146
USA,VA,Portsmouth,36.8354258,-76.2982742
USA,MD,Marion Station,38.0392905,-75.77076389999999
USA,IL,Westmont,41.7958639,-87.9756175
USA,IL,Wauconda,42.2589122,-88.1392474
USA,UT,Springville,40.1652335,-111.6107526
USA,AL,Oxford,33.6142714,-85.8349648
USA,GA,Buford,34.1206564,-84.0043513
USA,PA,Hummelstown,40.2653681,-76.7083033
USA,FL,Dania,26.052311,-80.1439343
USA,WI,River Falls,44.8613563,-92.6238082
USA,OH,Massillon,40.7967244,-81.52150929999999
USA,ME,Castine,44.3888609,-68.7989582
USA,FL,Lakeland,28.0394654,-81.9498042
USA,NM,Ruidoso Downs,33.3289733,-105.6044291
USA,PA,Bethel Park,40.3275697,-80.0394977
USA,NJ,Mahwah,41.0886216,-74.1435843
USA,MO,Moscow Mills,38.9478267,-90.9181916
USA,SD,Brookings,44.3113573,-96.79838769999999
USA,AL,Auburn,32.6098566,-85.48078249999999
CAN,ON,Kingston,44.2311717,-76.4859544
USA,CA,San Anselmo,37.9746458,-122.5616448
USA,FL,Tarpon Springs,28.1461248,-82.7567679
USA,KS,Salina,38.8402805,-97.61142369999999
USA,IN,New Albany,38.2856247,-85.8241312
USA,OH,Macedonia,41.3174524,-81.50477719999999
USA,CA,Chula Vista,32.6400541,-117.0841955
USA,LA,Alexandria,31.3112936,-92.4451371
CAN,ON,Bobcaygeon,44.5404573,-78.5463692
USA,WY,Casper,42.8500769,-106.3251749
USA,MA,Attleboro Falls,41.9717537,-71.3128854
USA,HI,M C B H Kaneohe Bay,21.4433045,-157.7489524
USA,NJ,Metuchen,40.5431598,-74.3632049
USA,NM,Corrales,35.2378197,-106.6066926
USA,CA,Palm Desert,33.7222445,-116.3744556
USA,KS,Coffeyville,37.0373005,-95.6163665
USA,MA,Wayland,42.3625953,-71.3614484
USA,PA,Benton,41.1950837,-76.38355279999999
USA,UT,Syracuse,41.0893878,-112.0646657
USA,CA,San Bernardino,34.1083449,-117.2897652
USA,NY,Cortlandt Manor,41.2804112,-73.87147519999999
USA,PA,New Hope,40.36427279999999,-74.9512785
USA,FL,Spring Hill,28.4831682,-82.5369872
USA,MI,Greenville,43.1775314,-85.2527987
USA,NJ,Montvale,41.0467635,-74.0229173
USA,NJ,Franklin Park,40.4391059,-74.5351601
USA,WI,Germantown,43.2286174,-88.1103691
USA,GA,Lindale,34.1867623,-85.1746725
USA,AR,Maumelle,34.8667565,-92.4043219
USA,PA,Oakmont,40.5217347,-79.8422719
USA,NY,Harrison,40.9700171,-73.7176337
USA,AK,North Little Rock,34.769536,-92.2670941
USA,MI,Lansing,42.732535,-84.5555347
USA,MI,Washington,42.7185255,-83.03546790000001
USA,NC,High Point,35.9556923,-80.0053176
USA,WA,Arlington,48.1987118,-122.1251418
USA,KS,Hamilton,37.9794705,-96.1641647
USA,TX,Round Rock,30.5082551,-97.678896
USA,IL,Tilton,40.0953144,-87.6475212
USA,NY,East Setauket,40.9293759,-73.1025502
USA,VA,Lorton,38.704282,-77.2277603
USA,NC,Lumberton,34.6182199,-79.0086424
USA,CA,Cardiff By The Sea,33.0208265,-117.2788973
USA,ID,Eagle,43.6954424,-116.3540138
USA,TN,Murfreesboro,35.8456213,-86.39027
USA,PA,Birdsboro,40.2645371,-75.8040852
USA,NJ,Sayreville,40.45940210000001,-74.360846
USA,PA,Norristown,40.121497,-75.3399048
USA,NY,Cold Spring Harbor,40.8714873,-73.456788
USA,IA,Bloomfield,40.75168840000001,-92.41490739999999
USA,NY,Poughkeepsie,41.7003713,-73.9209701
USA,CA,Yuba City,39.1404477,-121.6169108
USA,FL,Lithia,27.8187623,-82.1496049
USA,FL,Crystal River,28.902479,-82.59260119999999
USA,NJ,Hasbrouck Heights,40.85815530000001,-74.0806971
USA,ID,Meridian,43.6121087,-116.3915131
USA,OH,West Mansfield,40.4020003,-83.54520509999999
USA,TX,Milano,30.7104729,-96.863314
USA,CA,Bonsall,33.2889226,-117.2255903
USA,WI,Delafield,43.060842,-88.4037079
USA,MI,Madison Heights,42.4858692,-83.1052028
USA,TX,Beaumont,30.080174,-94.1265562
USA,GA,Canton,34.2367621,-84.4907621
USA,GA,Moultrie,31.1799407,-83.7888387
USA,MI,Novi,42.48059,-83.4754913
USA,ND,Gardner,47.1471966,-96.9678613
USA,ID,Nampa,43.5788175,-116.55978
USA,OH,Brecksville,41.31977630000001,-81.62679039999999
USA,IA,Waterloo,42.492786,-92.34257749999999
USA,TX,Arlington,32.735687,-97.10806559999999
USA,NY,Lyndonville,43.3267241,-78.3889138
USA,IL,Arlington Heights,42.0883603,-87.98062650000001
USA,UT,Pleasant Grove,40.3641184,-111.73854
USA,NJ,Skillman,40.4201165,-74.7146817
USA,NC,Huntersville,35.410694,-80.84285040000002
USA,AZ,Gilbert,33.3528264,-111.789027
USA,CA,North Hills,34.235822,-118.4849365
USA,MI,Auburn Hills,42.6875323,-83.2341028
USA,WI,Oostburg,43.62277479999999,-87.7945323
USA,CA,Greenbrae,37.9476326,-122.5252604
USA,NJ,Camden,39.9259463,-75.1196199
USA,IN,Marion,40.5583739,-85.6591442
USA,GA,Avondale Estates,33.7714939,-84.26714439999999
USA,WI,Brookfield,43.0605671,-88.1064787
USA,NH,Pelham,42.7345339,-71.3245067
USA,AL,Opelika,32.6454116,-85.3782795
CAN,MB,Saskatoon,52.0853507,-106.6530569
USA,NJ,Long Valley,40.78593310000001,-74.7801645
USA,MA,Carlisle,42.5292597,-71.3495046
USA,IL,Addison,41.931696,-87.9889556
USA,TN,Smyrna,35.9828412,-86.5186045
USA,MO,Louisiana,39.4489351,-91.05152559999999
USA,VT,Winooski,44.491438,-73.1856832
USA,RI,Central Falls,41.8906553,-71.3922785
USA,MN,Winona,44.0553908,-91.6663523
CAN,BC,Abbotsford,49.0504377,-122.3044697
USA,OH,Circleville,39.600618,-82.9460133
USA,CT,West Haven,41.2705484,-72.9469711
USA,AZ,Peoria,33.5805955,-112.2373779
USA,CA,Monterey,36.6002378,-121.8946761
USA,TX,Waxahachie,32.3865312,-96.8483311
USA,MN,Sartell,45.6216318,-94.2069365
USA,CO,Avon,39.6330673,-106.5222196
USA,AZ,Flagstaff,35.1982836,-111.651302
USA,AL,De Armanville,33.6262929,-85.7516035
USA,MS,Jackson,32.2987573,-90.1848103
USA,SC,Texas,33.1321086,-80.55371000000001
USA,NC,Rockingham,34.9393201,-79.7739457
USA,IL,Glenview,42.0778065,-87.8223368
USA,MA,Taunton,41.900101,-71.0897674
USA,GA,Woodstock,34.1014873,-84.5193754
USA,TX,Grand Prairie,32.7459645,-96.99778459999999
USA,NJ,River Edge,40.92870980000001,-74.0398622
USA,FL,Sebastian,27.816415,-80.4706078
USA,PA,Enola,40.2900885,-76.9338636
USA,NY,Great River,40.7212097,-73.1576139
USA,NY,Madison,42.8989582,-75.5121217
USA,OH,Willoughby,41.6397696,-81.4065011
USA,IL,West Chicago,41.8847507,-88.2039607
USA,NH,Auburn,43.0045288,-71.348398
USA,FL,New Port Richey,28.2441768,-82.7192671
USA,PA,Warrendale,40.65320759999999,-80.0794925
USA,IL,Crystal Lake,42.2411344,-88.31619649999999
USA,WI,Superior,46.7207737,-92.10407959999999
USA,VA,Locust Grove,38.3055349,-77.8105928
USA,CT,Windsor,41.8525984,-72.64370219999999
USA,VT,Milton,44.63974049999999,-73.11039079999999
USA,CA,Garden Grove,33.7742692,-117.9379952
USA,MO,Liberty,39.2461138,-94.4191177
USA,CA,Rosamond,34.8641446,-118.1634075
USA,IN,Noblesville,40.0455917,-86.0085955
USA,CA,Hawthorne,33.9164032,-118.3525748
USA,WI,Antigo,45.140245,-89.15233529999999
USA,OH,Rootstown,41.0871792,-81.22985299999999
USA,ME,Falmouth,43.7435343,-70.2601759
USA,CT,Southbury,41.4793072,-73.2133715
USA,ND,Grand Forks,47.9252568,-97.0328547
CAN,QC,Boucherville,45.5913698,-73.4364097
USA,TN,Utah,35.590348,-88.0583657
USA,NY,Rockville Centre,40.65871380000001,-73.6412406
USA,IL,Oak Park,41.8850317,-87.7845025
USA,WI,Brillion,44.1772137,-88.0642658
USA,CA,Apple Valley,34.5008311,-117.1858759
USA,MA,Pittsfield,42.4500845,-73.2453824
USA,SC,North Charleston,32.8771106,-80.0130514
USA,FL,Hobe Sound,27.059498,-80.1364323
USA,IL,Springfield,39.78172130000001,-89.6501481
USA,FL,Palm Coast,29.5844524,-81.20786989999999
USA,SC,Mauldin,34.77873,-82.310119
USA,MD,Clinton,38.7651145,-76.8983059
USA,NJ,Pennington,40.3284402,-74.790718
USA,LA,Lake Charles,30.2265949,-93.2173758
USA,OH,Fairlawn,41.127833,-81.609844
USA,WA,Duvall,47.7423218,-121.9856781
USA,NY,Bohemia,40.7692649,-73.1151117
USA,NJ,Mantua,39.7818322,-75.1821597
USA,CA,Gilroy,37.0029828,-121.5566373
USA,CO,Evergreen,39.6333213,-105.3172146
USA,LA,Port Allen,30.4474878,-91.20732609999999
USA,MA,East Taunton,41.8834347,-71.0286543
USA,KS,De Soto,38.9791709,-94.96857829999999
USA,NY,Monticello,41.6556465,-74.68932819999999
USA,CA,Monrovia,34.1442616,-118.0019482
USA,IL,Chicago Ridge,41.7014217,-87.77921959999999
USA,MN,Wayzata,44.97413,-93.5066217
USA,CA,Graton,38.4363022,-122.8697158
USA,AL,Columbiana,33.1781718,-86.6072054
USA,NJ,Monroeville,39.6290092,-75.1593816
USA,VA,Bristow,38.723303,-77.5367043
USA,NJ,Secaucus,40.7895453,-74.05652979999999
USA,OH,Maumee,41.5628294,-83.65382439999999
USA,CA,Rialto,34.1064001,-117.3703235
USA,NY,Islandia,40.8042649,-73.1690019
USA,IL,Carbondale,37.7272727,-89.2167501
USA,NJ,Weehawken,40.7663711,-74.02537149999999
USA,IN,Warsaw,41.2381,-85.8530469
USA,MN,Spring Lake Park,45.1077433,-93.2380038
USA,TX,Conroe,30.3118769,-95.45605119999999
USA,TX,Denton,33.2148412,-97.13306829999999
USA,MI,Rochester Hills,42.65836609999999,-83.1499322
USA,CT,South Windsor,41.8489872,-72.57175509999999
USA,MD,Joppa,39.4290415,-76.3557028
USA,MI,Traverse City,44.7630567,-85.62063169999999
CAN,ON,Concord,43.798329,-79.5079073
USA,ND,Hazelton,46.48471259999999,-100.2795572
CAN,ON,Brantford,43.1393867,-80.2644254
CAN,SK,Estevan,49.1390842,-102.9914806
USA,CA,Selma,36.5707838,-119.6120765
USA,AL,Tuskegee,32.430237,-85.7077266
USA,TX,Lometa,31.2171118,-98.3933692
USA,NY,Lynbrook,40.6548253,-73.67179689999999
USA,NY,Croton On Hudson,41.2084278,-73.8912481
USA,NC,Goldsboro,35.3848841,-77.9927651
USA,TX,Midland,31.9973456,-102.0779146
USA,NJ,Plainfield,40.6337136,-74.4073736
USA,AZ,Glendale,33.5386523,-112.1859866
USA,PA,Landenberg,39.7777755,-75.7716437
USA,CT,Wethersfield,41.7063537,-72.6596244
USA,TX,Brenham,30.1668828,-96.39774419999999
USA,NE,Gretna,41.14045489999999,-96.24368419999999
USA,SC,Mt Pleasant,32.8323225,-79.82842579999999
USA,AL,Muscle Shoals,34.7448112,-87.66752919999999
USA,OK,Shawnee,35.3272928,-96.9253004
CAN,ON,Bolton,43.873021,-79.72813
USA,CA,Citrus Heights,38.7071247,-121.2810611
USA,PA,Glenshaw,40.5325079,-79.96803919999999
USA,PA,Harrisburg,40.2731911,-76.8867008
USA,PA,Chester Heights,39.8901112,-75.4754765
USA,PA,Jamison,40.2548974,-75.0890348
USA,IL,Rosamond,39.3796244,-89.16176159999999
USA,NY,Oceanside,40.6387141,-73.6401296
USA,NM,Angel Fire,36.3930879,-105.2850091
USA,MS,Southaven,34.9918587,-90.0022958
USA,NY,Sea Cliff,40.8489887,-73.64485049999999
USA,WY,Riverton,43.024673,-108.3806054
USA,OH,Hudson,41.240056,-81.44066699999999
USA,CA,Auburn,38.8965654,-121.0768901
USA,NY,Long Beach,40.5884373,-73.65790799999999
USA,LA,Madisonville,30.4043607,-90.1570232
USA,NY,Staten Island,40.5795317,-74.1502007
USA,WV,Kearneysville,39.3881556,-77.8855516
USA,UT,Cedar Valley,40.33681420000001,-112.1509308
USA,IL,Wayne,41.9508336,-88.242369
USA,CA,Mountain Pass,35.4709811,-115.5455518
USA,NC,Matthews,35.1168131,-80.72368039999999
USA,CA,Century City,34.0536608,-118.4133894
USA,GA,Newnan,33.3806716,-84.79965729999999
USA,NE,Elkhorn,41.2831958,-96.2368465
USA,GA,Waverly,31.0947092,-81.7245535
USA,MA,South Easton,42.0467781,-71.0806659
USA,NJ,Warren,40.6342489,-74.50047959999999
USA,WA,Mount Vernon,48.4201105,-122.3374543
USA,IL,Buffalo Grove,42.1662831,-87.9631308
USA,MA,Leominster,42.5250906,-71.759794
USA,PA,Camp Hill,40.23981180000001,-76.9199742
USA,MN,Houston,43.7632995,-91.5684764
USA,TX,League City,29.5074538,-95.0949303
USA,MA,Haverhill,42.7762015,-71.0772796
CAN,QC,Mont-royal,45.5125819,-73.6468307
USA,NJ,Clark,40.6278031,-74.3127631
USA,WV,Morgantown,39.629526,-79.95589679999999
USA,CA,Inyokern,35.6468991,-117.8125674
USA,NJ,Hawthorne,40.9492649,-74.1537549
USA,PA,Carbondale,41.5736935,-75.5018508
USA,IL,Glen Ellyn,41.8775293,-88.0670118
USA,AL,Florence,34.79981,-87.677251
USA,IL,Geneva,41.8926437,-88.3287896
USA,VT,Montpelier,44.26005929999999,-72.5753869
USA,VA,Haymarket,38.8120591,-77.6363806
USA,MO,Lees Summit,38.9108408,-94.3821724
USA,TX,Webster,29.5377315,-95.1182645
USA,WI,Sussex,43.1338972,-88.2220372
USA,IL,Wellington,40.5392032,-87.6800257
USA,CT,North Haven,41.39091390000001,-72.8595447
USA,WI,Neshkoro,43.9658121,-89.2176187
USA,KS,Topeka,39.0473451,-95.67515759999999
USA,OR,Hood River,45.7067985,-121.528087
USA,PA,Elkins Park,40.0697037,-75.1253492
USA,CA,Ramona,33.04136039999999,-116.8792553
USA,MO,Clarkton,36.4517276,-89.96703529999999
USA,IN,Austin,30.267153,-97.7430608
USA,NJ,Morganville,40.3280786,-74.2873035
USA,NC,Asheboro,35.7079146,-79.8136446
USA,PA,Greenville,41.404499,-80.39117850000001
USA,WI,Hudson,44.9746896,-92.7568703
USA,MI,Clinton Township,42.5868882,-82.9195514
USA,OH,Chesterville,40.4800607,-82.6835057
USA,MN,Chaska,44.7893446,-93.60183889999999
USA,PA,Palmyra,40.3089798,-76.5933012
USA,WV,Parkersburg,39.2667418,-81.56151349999999
USA,AR,Harrison,36.2297936,-93.1076765
USA,NY,Greenvale,40.8106558,-73.62846139999999
USA,IL,Winnetka,42.10808340000001,-87.735895
USA,NJ,Hillsborough,40.5106322,-74.6472522
USA,TX,Burnet,30.75823759999999,-98.2283585
USA,MI,Oxford,42.8247524,-83.26466239999999
USA,WI,Wisconsin Rapids,44.38357630000001,-89.8173465
USA,CA,Redlands,34.0555693,-117.1825381
USA,SC,Myrtle Beach,33.6890603,-78.8866943
USA,NV,Incline Village,39.249683,-119.9526847
USA,CA,Murrieta,33.5539143,-117.2139232
USA,PA,Audubon,40.12788390000001,-75.43185319999999
USA,VT,Essex Junction,44.4905433,-73.11122069999999
USA,IL,Wheeling,42.1391927,-87.9289591
USA,NJ,Haworth,40.9609315,-73.9901383
USA,NJ,Stanhope,40.9028765,-74.7090517
USA,AL,Fairhope,30.5229719,-87.9033261
USA,PA,Monroeville,40.4211798,-79.7881024
USA,MI,Birmingham,42.5467012,-83.21131919999999
USA,MI,Saginaw,43.4194699,-83.9508068
USA,IL,Rockport,39.5387961,-91.0085836
USA,VA,Manassas,38.7509488,-77.47526669999999
USA,AL,Decatur,34.6059253,-86.9833417
USA,TN,Mount Juliet,36.200055,-86.5186054
USA,CA,Lincoln,38.891565,-121.2930079
USA,WA,Bingen,45.7148416,-121.4645173
USA,CA,Montclair,34.0775104,-117.6897776
USA,CT,Tolland,41.8714865,-72.3686931
USA,MO,Reeds Spring,36.7497827,-93.3779641
USA,CA,Moraga,37.8349263,-122.1296871
USA,NH,Plaistow,42.8364781,-71.0947805
USA,GA,Brunswick,31.1499528,-81.49148939999999
USA,MD,Belcamp,39.4737199,-76.24134459999999
USA,MA,Methuen,42.7262016,-71.1908924
USA,NJ,Sparta,41.0360977,-74.6367057
USA,OH,Fairfield,39.3454673,-84.5603187
CAN,NS,Fredericton,45.9635895,-66.6431151
CAN,BC,Fort Nelson,58.8050174,-122.697236
USA,PA,Pocopson,39.9003793,-75.6260771
USA,TX,San Marcos,29.8832749,-97.9413941
USA,CA,Seal Beach,33.7414085,-118.1047682
USA,WV,Racine,38.1420461,-81.6603973
USA,MD,Greenbelt,39.0045544,-76.87552819999999
CAN,PE,Milton,32.7741953,-117.1479053
USA,MI,Muskegon,43.2341813,-86.24839209999999
USA,MI,Dearborn Heights,42.3369816,-83.27326269999999
USA,MS,Hattiesburg,31.3271189,-89.29033919999999
USA,NY,Durham,42.3567078,-74.1474846
USA,NH,Dover,43.1978624,-70.8736698
USA,MD,California,38.3004029,-76.5074542
USA,PA,Kimberton,40.1307272,-75.5721138
USA,MA,Newburyport,42.8125913,-70.87727509999999
USA,CA,Sylmar,34.3058279,-118.4571974
USA,UT,Kanab,37.0474855,-112.5263145
USA,DE,Hockessin,39.7876112,-75.6966001
USA,NY,Pittsford,43.0789942,-77.5275463
USA,OK,Snyder,34.6589592,-98.9517417
USA,NY,Orchard Park,42.7675323,-78.7440921
USA,MA,North Adams,42.70091499999999,-73.1087148
CAN,BC,Prince George,53.9170641,-122.7496693
USA,DE,Bear,39.6292788,-75.6582628
USA,SD,Toronto,44.57302019999999,-96.6425536
CAN,BC,Ottawa,45.4210824,-75.6998251
USA,NY,Bedford,41.204262,-73.6437397
USA,NC,Henderson,36.3294305,-78.39920099999999
USA,NY,Franklin Square,40.7073244,-73.6759635
USA,WI,Mukwonago,42.8666803,-88.33342739999999
USA,NJ,East Orange,40.767323,-74.2048677
USA,MA,Stoneham,42.4802469,-71.0999719
USA,TX,Horseshoe Bay,30.5440884,-98.36984609999999
USA,PA,Quakertown,40.4417682,-75.3415667
USA,CA,Arcadia,34.1397292,-118.0353449
USA,CT,Stratford,41.18454149999999,-73.1331651
USA,PA,Bridgeville,40.3561805,-80.1100556
USA,OH,Rocky River,41.4768217,-81.8497567
USA,NY,Dunkirk,42.4795019,-79.3339324
USA,IL,Streator,41.12086679999999,-88.835352
USA,CT,Milford,41.2306979,-73.064036
USA,ID,Moscow,46.73238749999999,-117.000165
USA,NY,Baldwinsville,43.15867859999999,-76.33270949999999
USA,NY,Rosedale,40.6584068,-73.7389596
CAN,ON,Orleans,45.4558019,-75.5047333
CAN,NS,Dartmouth,44.6660885,-63.56756309999999
USA,NC,Belmont,35.2429175,-81.037297
USA,CT,Newington,41.6972996,-72.7228293
USA,CA,Washington,39.3590873,-120.7999351
USA,WV,Vienna,39.3270191,-81.5484578
CAN,QC,Dorval,45.4503213,-73.7500486
USA,NC,Black Mountain,35.6178951,-82.3212302
USA,TX,Mesquite,32.76679550000001,-96.5991593
USA,NY,Briarcliff Manor,41.1402322,-73.840231
USA,FL,Land O Lakes,28.2188992,-82.45759380000001
USA,NY,Larchmont,40.9278769,-73.75179829999999
USA,MS,Madison,32.4618086,-90.1153638
USA,MN,Waconia,44.8504317,-93.7876429
USA,PA,Morrisville,40.2086471,-74.77461819999999
USA,NY,Kings Park,40.88620900000001,-73.2573369
USA,CA,Healdsburg,38.6104658,-122.8691609
USA,TX,Katy,29.7857765,-95.8245093
USA,NY,Mount Vernon,40.9125992,-73.8370786
USA,NJ,Collingswood,39.9181686,-75.07128399999999
USA,NC,Apex,35.732652,-78.85028559999999
USA,FL,Mount Dora,28.8024918,-81.644519
USA,MA,Stow,42.4370374,-71.5056199
USA,GA,Macon,32.8406946,-83.6324022
USA,OH,Toronto,40.4642335,-80.60090579999999
USA,NY,Prospect,43.30423589999999,-75.1521082
USA,PA,New Holland,40.1017643,-76.085227
USA,FL,Port St. Lucie,27.2730492,-80.3582261
USA,NY,Huntington,40.8681539,-73.425676
USA,GA,Sautee Nacoochee,34.6839825,-83.67434999999999
USA,NC,Southern Pines,35.1740471,-79.3922539
USA,PA,Allison Park,40.5594832,-79.9592134
USA,NY,Bridgehampton,40.9378777,-72.3009158
USA,ID,Sagle,48.20311239999999,-116.5655585
USA,CA,Redding,40.5865396,-122.3916754
CAN,SK,Saskatoon,52.157902,-106.6701577
USA,MD,Fulton,39.1511692,-76.92305069999999
USA,SC,Aiken,33.5604168,-81.7195533
CAN,NB,Moncton,46.0878165,-64.7782313
USA,MA,Auburn,42.1945385,-71.8356271
USA,CA,Westminster,33.7591757,-117.9897058
USA,NM,Lemitar,34.1596096,-106.9100192
USA,CA,Cotati,38.3293416,-122.7096666
CAN,BC,Kimberley,49.6651567,-115.9967207
USA,NJ,Holmdel,40.3451095,-74.18403219999999
USA,OH,Hubbard,41.1564463,-80.569239
USA,WI,West Bend,43.4252776,-88.1834277
USA,VT,Weston,43.29130079999999,-72.7929085
USA,MI,Franklin,42.5222567,-83.30604319999999
USA,NY,Philadelphia,44.15450449999999,-75.70882379999999
USA,NY,Potsdam,44.6697805,-74.9813084
USA,MI,Pinckney,42.4567013,-83.9463358
USA,MA,Charlestown,42.3782065,-71.0602131
USA,OH,Troy,40.0394982,-84.20327669999999
CAN,NB,Saint John,45.2733153,-66.06330799999999
USA,NY,Schuyler Lake,42.78035089999999,-75.0279352
USA,NY,Roslyn,40.7998227,-73.6509622
USA,CT,Middletown,41.5623209,-72.6506488
USA,KY,Nicholasville,37.8806341,-84.5729961
USA,NC,Siler City,35.7234734,-79.4622431
USA,IL,Carol Stream,41.91252859999999,-88.13479269999999
USA,NJ,Neptune,40.2005472,-74.03141649999999
USA,PA,Lebanon,40.3409251,-76.4113497
USA,MI,Wyoming,42.9133602,-85.7053085
USA,IL,Moline,41.5067003,-90.51513419999999
USA,SC,Greenwood,34.1954001,-82.1617883
USA,MA,Norwell,42.1615157,-70.7927832
CAN,NL,Clarenville,48.168225,-53.9645533
CAN,ON,Lasalle,42.2355411,-83.1024769
USA,WA,Wenatchee,47.4234599,-120.3103494
USA,CT,Berlin,41.621488,-72.7456519
USA,NJ,Vineland,39.4863773,-75.02596369999999
USA,NJ,Haddonfield,39.8915022,-75.03767069999999
CAN,BC,Aldergrove,49.0580516,-122.4706669
USA,CA,Stockton,37.9577016,-121.2907796
USA,NE,Bellevue,41.1543623,-95.9145568
USA,CA,Commerce,34.0005691,-118.1597929
USA,TN,Cleveland,35.1595182,-84.8766115
USA,IL,Hillside,41.8778084,-87.90283980000001
USA,CT,Orange,41.278637,-73.0265277
USA,NY,Lake Placid,44.2794911,-73.9798713
USA,AZ,Sahuarita,31.9575818,-110.955646
USA,CT,Trumbull,41.2428563,-73.2006639
USA,NH,Seabrook,42.8909615,-70.8655074
USA,MT,Bigfork,48.0632864,-114.0726134
USA,NY,East Northport,40.8767647,-73.3245613
USA,UT,Kaysville,41.0352216,-111.9385521
USA,CO,Franktown,39.3913788,-104.752753
USA,OH,Oberlin,41.2939386,-82.21737859999999
CAN,QC,Westmount,45.48571889999999,-73.59569929999999
USA,VA,Salem,37.2934681,-80.05476259999999
USA,CA,Claremont,34.0966764,-117.7197785
USA,CA,Pleasant Hill,37.9479786,-122.0607963
USA,TX,Sachse,32.9762327,-96.5952703
USA,NC,Rocky Mount,35.9382103,-77.7905339
USA,IN,Paris Crossing,38.829501,-85.6480215
USA,TX,Justin,33.0848442,-97.29612859999999
USA,GA,Stone Mountain,33.8081608,-84.17019599999999
USA,NJ,Kendall Park,40.4209391,-74.560711
USA,TX,West University Place,29.7180075,-95.43382919999999
USA,MA,East Sandwich,41.7417739,-70.4516929
USA,NJ,Woodbridge,40.5575986,-74.2846022
USA,NJ,Highland Park,40.4959379,-74.4243178
USA,CT,New Britain,41.6612104,-72.7795419
USA,NC,Angier,35.5071044,-78.7391813
USA,WA,Burlington,48.4756621,-122.3254374
USA,FL,Bradenton,27.4989278,-82.5748194
USA,NY,Southampton,40.8598637,-72.56780119999999
USA,CA,Mission Hills,34.2722582,-118.4688776
USA,NY,Little Neck,40.7612957,-73.7330753
USA,OH,Sylvania,41.7189392,-83.7129935
USA,CA,Nevada City,39.2615606,-121.0160594
USA,NJ,Linden,40.6220478,-74.24459019999999
CAN,NL,Charlottetown,48.4390379,-54.0077899
USA,MA,Marblehead,42.49995819999999,-70.8578024
USA,MA,Chestnut Hill,42.3328668,-71.1727583
USA,TX,Gatesville,31.4351645,-97.743911
USA,MA,Avon,42.13065539999999,-71.0411582
USA,PA,Smethport,41.8111748,-78.44474129999999
CAN,ON,Milton,43.5182991,-79.8774042
USA,NY,Auburn,42.9317335,-76.5660529
USA,VA,Gainesville,38.7956706,-77.6138802
CAN,ON,Guelph,43.5448048,-80.24816659999999
USA,WA,Friday Harbor,48.5342662,-123.0171242
USA,WA,Pasco,46.2305049,-119.0922316
USA,TX,Pflugerville,30.4548451,-97.6222665
USA,IA,Grimes,41.6883646,-93.7925199
USA,VA,Wise,36.9759345,-82.5757108
USA,FL,Sunset,25.7059354,-80.35227499999999
USA,SD,Onida,44.7077106,-100.0617352
USA,FL,Valrico,27.9462615,-82.2420317
USA,RI,Pawtucket,41.878711,-71.38255579999999
USA,NJ,Bernardsville,40.7187119,-74.569324
CAN,ON,Belleville,44.1627589,-77.3832315
USA,FL,Winter Springs,28.6988853,-81.30812259999999
CAN,NS,Bedford,44.7233504,-63.6899962
USA,PA,Akron,40.1567616,-76.2021742
USA,WA,Olympia,47.0378741,-122.9006951
USA,MA,Weymouth,42.2180724,-70.94103559999999
USA,UT,Logan,41.7369803,-111.8338359
USA,CA,Benicia,38.049365,-122.1585777
USA,MN,Champlin,45.1888539,-93.39745370000001
USA,MA,Springfield,42.1014831,-72.589811
USA,MA,Brockton,42.0834335,-71.0183787
CAN,BC,Revelstoke,50.998115,-118.195672
USA,NJ,Westwood,40.9912087,-74.0326395
USA,TX,Schertz,29.5521737,-98.269734
CAN,BC,Squamish,49.7016339,-123.1558121
USA,CA,Alviso,37.4261669,-121.9761384
USA,CA,Sonoma,38.291859,-122.4580356
USA,CA,Canoga Park,34.208254,-118.6058609
USA,VA,Lynchburg,37.4137536,-79.14224639999999
USA,CA,Baldwin Park,34.0852868,-117.9608978
USA,NY,Scarsdale,41.0050977,-73.7845768
USA,MO,Netherlands,36.299112,-89.751194
USA,NJ,Gladstone,40.7151691,-74.6576091
USA,NJ,Somerville,40.5742696,-74.60987999999999
USA,OH,Batavia,39.0770072,-84.1768795
USA,PA,Bryn Mawr,40.0230237,-75.3151772
USA,CT,Sandy Hook,41.4218208,-73.2833176
CAN,ON,Carleton Place,45.14060300000001,-76.146546
USA,PA,Frederick,40.3058142,-75.5314645
USA,CA,Ukiah,39.1501709,-123.2077831
USA,CA,South Lake Tahoe,38.939926,-119.9771868
USA,CA,Hacienda Heights,33.9930677,-117.9686755
USA,HI,Kapolei,21.3353909,-158.0568965
USA,PA,North Versailles,40.3797913,-79.8094916
USA,CA,Tulare,36.2077288,-119.3473379
USA,TX,Quinlan,32.9103998,-96.13552949999999
USA,UT,Roy,41.1616108,-112.0263313
CAN,NL,Windsor,48.9276687,-55.6575025
USA,WI,Racine,42.7261309,-87.78285230000002
USA,FL,Davie,26.0764783,-80.25211569999999
USA,IN,Plainfield,39.70421229999999,-86.39943869999999
USA,MD,Fort Washington,38.7073379,-77.0230313
USA,CO,Steamboat Springs,40.4849769,-106.8317158
USA,CA,Carson,33.8316745,-118.281693
USA,SC,Beaufort,32.4315813,-80.6698286
USA,NJ,Boonton,40.904019,-74.4087405
USA,FL,Odessa,28.1793926,-82.5579537
USA,CA,Parlier,36.6116174,-119.5270734
USA,NC,Locust,35.2598654,-80.4253425
USA,NY,Saint James,40.8754335,-73.1526623
USA,IL,Hoffman Estates,42.0629915,-88.12271989999999
USA,NY,Elmsford,41.0550969,-73.8201337
USA,RI,Kingston,41.48037910000001,-71.52255980000001
USA,IA,Madrid,41.8779511,-93.81566889999999
USA,SC,Kingstree,33.6676643,-79.83062640000001
USA,TX,Missouri City,29.6185669,-95.5377215
USA,AZ,Sun City,33.5975393,-112.2718239
USA,UT,Cedar City,37.67747689999999,-113.0618931
USA,KS,Emporia,38.403903,-96.18166260000001
USA,WV,Huntington,38.4192496,-82.44515400000002
USA,MA,Greenfield,42.587915,-72.5994104
USA,WY,Worland,44.01690139999999,-107.9553721
USA,NC,Tarboro,35.8968236,-77.5358049
USA,NJ,Cresskill,40.9414874,-73.9593041
USA,IL,River Forest,41.8939617,-87.81984779999999
USA,CA,Newbury Park,34.1805403,-118.9070887
USA,WI,Fort Atkinson,42.9288944,-88.8370509
USA,WA,Everett,47.9789848,-122.2020795
USA,OH,Milford,39.1753377,-84.29438209999999
USA,TN,Collierville,35.042036,-89.6645266
USA,CA,St. Helena,38.5052429,-122.4703868
USA,TX,College Station,30.627977,-96.3344068
USA,PA,Glen Mills,39.9016273,-75.5103484
USA,AR,Roland,34.9015512,-92.49829899999999
USA,OH,Fairborn,39.8208925,-84.01937889999999
USA,TX,Keller,32.9341893,-97.229298
USA,NV,Zephyr Cove,39.0003616,-119.9525689
USA,NY,Camillus,43.039233,-76.3040965
CAN,QC,Longueuil,45.5369442,-73.51071309999999
CAN,ON,Sherwood Park,53.5411916,-113.2957355
USA,NY,Orangeburg,41.0464858,-73.94958179999999
USA,TX,Kingwood,30.0500255,-95.18447739999999
USA,CT,North Canton,41.8968912,-72.8926043
USA,MT,Columbia Falls,48.3799643,-114.1804038
USA,RI,Middletown,41.5218243,-71.2834538
USA,RI,East Greenwich,41.6342619,-71.51304449999999
USA,LA,Amite,30.7265747,-90.50898149999999
USA,MA,Williamstown,42.7120196,-73.20368979999999
USA,MD,Jessup,39.1492746,-76.7752493
USA,NJ,Atlantic City,39.3642834,-74.4229266
USA,NY,Katonah,41.2587043,-73.6854137
USA,UT,Heber City,40.5070087,-111.4133234
USA,MD,Takoma Park,38.9778882,-77.0074765
USA,PA,North Wales,40.2109404,-75.2782317
USA,MA,Lunenburg,42.5945273,-71.7245035
USA,OH,Pickerington,39.8842304,-82.7535049
USA,NJ,Upper Saddle River,41.0584299,-74.0984756
USA,MI,Keego Harbor,42.6080884,-83.3438247
USA,MI,Commerce Township,42.5750853,-83.48823469999999
USA,WI,Neenah,44.1858193,-88.462609
USA,ME,Saco,43.5009176,-70.4428286
USA,AL,Alabaster,33.2442813,-86.8163773
USA,ME,Roxbury,44.6697827,-70.593401
USA,NY,Victor,42.9825633,-77.4088794
USA,CA,Boyes Hot Springs,38.3138029,-122.4819253
USA,WA,Battle Ground,45.7807959,-122.5477298
USA,KY,London,37.1289771,-84.08326459999999
USA,CA,Carmel Valley,36.4799024,-121.7327931
USA,NY,Suffern,41.1148179,-74.1495889
CAN,AB,Red Deer,52.268975,-113.8115599
USA,MA,Royalston,42.6775856,-72.18786039999999
USA,CA,Lakewood,33.8536269,-118.1339563
USA,IN,Anderson,40.1053196,-85.6802541
USA,AL,Pell City,33.5862149,-86.2860888
USA,IN,Kendallville,41.4414384,-85.2649754
USA,NY,Pomona,41.1912507,-74.05644989999999
USA,NH,Goffstown,43.0204052,-71.6002223
USA,WA,Trout Lake,45.9973427,-121.5281369
USA,HI,Pahoa,19.4975033,-154.9508104
USA,MI,Grosse Pointe Woods,42.4436478,-82.90686029999999
USA,CT,Manchester,41.7759301,-72.52150089999999
USA,FL,Palm Beach,26.7056206,-80.0364297
USA,PA,Oakdale,40.3981246,-80.1856134
USA,TN,Dayton,35.4939587,-85.01245349999999
USA,NY,Hawthorne,41.1073183,-73.7959666
USA,KY,Newport,39.091449,-84.4957757
USA,CA,Mojave,35.0524699,-118.1739645
USA,AL,Normal,34.78384090000001,-86.5722237
USA,MT,Belgrade,45.7762463,-111.1770945
CAN,NB,Woodstock,46.15026599999999,-67.6033952
USA,CT,Dayville,41.84556509999999,-71.886358
USA,TX,Kyle,29.9891052,-97.87722670000001
USA,NJ,West Caldwell,40.8409329,-74.3018154
USA,NJ,Toms River,39.9537358,-74.1979458
USA,NC,Edenton,36.057938,-76.6077213
USA,MD,Fallston,39.5145515,-76.41107319999999
CAN,ON,Paris,43.1940203,-80.3844996
USA,FL,Atlantic Beach,30.3344077,-81.398696
USA,OR,Salem,42.51954,-70.8967155
USA,WA,Auburn,47.30732279999999,-122.2284532
USA,MI,Grand Blanc,42.9275277,-83.6299518
